gene_name,LipidProbe,hit_annotation,logFC,pvalue,numReplicates
BSG,BF-NAPE,enriched hit,2.4,1e-17,3
SSBP1,BF-NAPE,enriched hit,0.991,4.93e-4,3
RFC2,BF-NAPE,enriched hit,0.823,5.86e-4,3
RPL36,BF-NAPE,enriched hit,0.532,0.00994,3
UBE2K,BF-NAPE,enriched hit,0.524,0.00769,3
BZW2,BF-NAPE,enriched hit,0.197,0.00206,3
PPP2CA,BF-NAPE,enriched candidate,1.12,4.5e-4,2
LGALS3BP,BF-NAPE,enriched candidate,0.748,0.00161,2
SSRP1,BF-NAPE,enriched candidate,0.294,0.00241,2
PMVK,BF-NAPE,no hit,2.77,1e-17,1
BLMH,BF-NAPE,no hit,1.7,3.53e-14,1
LOC100605420; LOC101841064; LOC109045122; LOC109900071; LOC110502952; LOC111158085; LOC112259300; LOC113080025; LOC113938310; LOC118890498; rpl38; Rpl38; RPL38,BF-NAPE,no hit,1.63,1e-17,1
RCN2,BF-NAPE,no hit,1.27,2.09e-5,1
SEL1L,BF-NAPE,no hit,0.95,0.0041,1
EIF3CL,BF-NAPE,no hit,0.891,0.00903,1
DYNC1LI2,BF-NAPE,no hit,0.86,0.0161,1
PSMD14,BF-NAPE,no hit,0.846,0.0159,1
EIF5B,BF-NAPE,no hit,0.826,0.225,2
FDFT1,BF-NAPE,no hit,0.811,0.348,2
RALA,BF-NAPE,no hit,0.761,0.221,2
RPS11,BF-NAPE,no hit,0.757,0.184,3
PRKAR2A,BF-NAPE,no hit,0.747,0.365,3
GCLM,BF-NAPE,no hit,0.745,0.049,1
THOP1,BF-NAPE,no hit,0.657,0.00644,1
GBE1,BF-NAPE,no hit,0.642,0.00305,1
EEF1E1,BF-NAPE,no hit,0.631,0.142,1
RRBP1,BF-NAPE,no hit,0.628,0.415,2
RAB6A,BF-NAPE,no hit,0.627,0.147,1
PIR,BF-NAPE,no hit,0.611,0.168,1
RPA1,BF-NAPE,no hit,0.6,0.00239,1
AP1B1,BF-NAPE,no hit,0.587,0.198,3
STAG2,BF-NAPE,no hit,0.584,0.0254,1
PABPN1,BF-NAPE,no hit,0.581,0.0861,2
TOMM40,BF-NAPE,no hit,0.578,1.13e-4,1
TOMM20,BF-NAPE,no hit,0.574,0.224,1
H3C1; H3C10; H3C11; H3C12; H3C2; H3C3; H3C4; H3C6; H3C7; H3C8,BF-NAPE,no hit,0.572,0.227,1
RCC2,BF-NAPE,no hit,0.57,0.0395,3
XPOT,BF-NAPE,no hit,0.564,0.0703,2
USP14,BF-NAPE,no hit,0.559,0.00808,1
HINT1; LOC117799002,BF-NAPE,no hit,0.557,0.0124,1
RPL31,BF-NAPE,no hit,0.553,0.0605,3
YBX3,BF-NAPE,no hit,0.553,0.261,1
BYSL,BF-NAPE,no hit,0.535,0.297,1
U2SURP,BF-NAPE,no hit,0.532,0.302,1
FKBP1A,BF-NAPE,no hit,0.522,0.124,2
ITPA,BF-NAPE,no hit,0.513,0.343,1
SMC4,BF-NAPE,no hit,0.506,0.22,3
RPLP2,BF-NAPE,no hit,0.505,0.404,3
ANXA4,BF-NAPE,no hit,0.505,0.0803,3
DPP3,BF-NAPE,no hit,0.499,0.385,3
CPNE5,BF-NAPE,no hit,0.499,0.375,1
PPIC,BF-NAPE,no hit,0.494,0.386,1
AIMP2; JTV1,BF-NAPE,no hit,0.493,0.0383,1
DDT,BF-NAPE,no hit,0.493,0.0337,1
SNRPF,BF-NAPE,no hit,0.491,0.117,2
ACAA1,BF-NAPE,no hit,0.489,0.346,2
DUT,BF-NAPE,no hit,0.48,0.016,2
TMED9,BF-NAPE,no hit,0.477,0.429,1
PXDN,BF-NAPE,no hit,0.476,0.0274,1
GNB1,BF-NAPE,no hit,0.476,0.272,2
CTSZ,BF-NAPE,no hit,0.467,0.017,1
NXF1,BF-NAPE,no hit,0.455,0.0272,1
FADS2,BF-NAPE,no hit,0.454,0.492,1
VAT1,BF-NAPE,no hit,0.454,0.16,2
HLA-C,BF-NAPE,no hit,0.454,0.0911,3
NUP155,BF-NAPE,no hit,0.442,0.322,3
HINT1,BF-NAPE,no hit,0.415,0.109,2
EIF3K,BF-NAPE,no hit,0.411,0.616,1
RPS18,BF-NAPE,no hit,0.41,0.13,2
SNRPN,BF-NAPE,no hit,0.409,0.174,3
LOC111150055; OTUB1,BF-NAPE,no hit,0.408,0.0105,1
HSPH1,BF-NAPE,no hit,0.407,0.63,1
TAF15,BF-NAPE,no hit,0.407,0.379,3
EIF3F,BF-NAPE,no hit,0.405,0.0986,3
CCT5,BF-NAPE,no hit,0.404,0.638,1
EXOSC7,BF-NAPE,no hit,0.382,0.711,1
EEF1A2,BF-NAPE,no hit,0.382,0.142,2
P4HA1,BF-NAPE,no hit,0.378,0.124,1
PLIN3,BF-NAPE,no hit,0.374,0.13,3
BAT1; Ddx39b; DDX39B; LOC101341139,BF-NAPE,no hit,0.373,0.0938,1
HSP90AA1,BF-NAPE,no hit,0.364,0.767,1
SUCLG2,BF-NAPE,no hit,0.359,0.786,1
ATL3,BF-NAPE,no hit,0.358,0.0624,1
DAB2,BF-NAPE,no hit,0.357,0.792,1
RAB1B,BF-NAPE,no hit,0.353,0.805,1
RPS5,BF-NAPE,no hit,0.352,0.214,3
DPM1,BF-NAPE,no hit,0.347,0.579,3
RTCB,BF-NAPE,no hit,0.346,0.193,2
EIF4A3,BF-NAPE,no hit,0.338,0.0367,1
AK2,BF-NAPE,no hit,0.336,0.295,2
TMPO,BF-NAPE,no hit,0.336,0.0339,3
PSMC1,BF-NAPE,no hit,0.335,0.323,3
H3C13; H3C14; H3C15,BF-NAPE,no hit,0.334,0.256,3
SOD2,BF-NAPE,no hit,0.333,0.873,1
MAGOHB,BF-NAPE,no hit,0.332,0.336,3
DDX48; EIF4A3,BF-NAPE,no hit,0.328,0.0062,1
RPL26,BF-NAPE,no hit,0.328,0.89,1
SMC2; SMC2L1,BF-NAPE,no hit,0.328,0.0972,1
HLA-B,BF-NAPE,no hit,0.324,0.0469,3
FXR1,BF-NAPE,no hit,0.32,0.919,1
EIF1AX,BF-NAPE,no hit,0.319,0.226,3
GLUD1,BF-NAPE,no hit,0.315,0.274,3
ALYREF,BF-NAPE,no hit,0.313,0.944,1
TXNL1,BF-NAPE,no hit,0.311,0.117,1
ACP1,BF-NAPE,no hit,0.31,0.31,3
SRP68,BF-NAPE,no hit,0.31,0.279,2
PDHB,BF-NAPE,no hit,0.303,0.316,3
OGDH,BF-NAPE,no hit,0.303,0.291,3
DDX39B,BF-NAPE,no hit,0.299,0.0833,1
PRPS1,BF-NAPE,no hit,0.298,0.557,2
ADSS2,BF-NAPE,no hit,0.297,0.307,3
ACTC1,BF-NAPE,no hit,0.293,0.984,1
MAPRE1,BF-NAPE,no hit,0.291,0.294,3
RCC1,BF-NAPE,no hit,0.291,0.416,3
SEC31A,BF-NAPE,no hit,0.288,0.967,1
ACTR1A,BF-NAPE,no hit,0.283,0.449,2
CRK,BF-NAPE,no hit,0.282,0.198,3
DNAJB1,BF-NAPE,no hit,0.281,0.266,3
NUDT21,BF-NAPE,no hit,0.28,0.165,2
DRG1,BF-NAPE,no hit,0.279,0.108,1
FARSA,BF-NAPE,no hit,0.278,0.231,3
ZC3HAV1,BF-NAPE,no hit,0.278,0.472,2
NSF,BF-NAPE,no hit,0.278,0.373,3
CTTN,BF-NAPE,no hit,0.278,0.367,2
TIMM44,BF-NAPE,no hit,0.276,0.415,3
RAB32,BF-NAPE,no hit,0.274,0.918,1
PDIA4,BF-NAPE,no hit,0.274,0.305,3
IPO9,BF-NAPE,no hit,0.272,0.166,3
PABPC4,BF-NAPE,no hit,0.268,0.337,2
EIF3I,BF-NAPE,no hit,0.268,0.233,3
SNRPA1,BF-NAPE,no hit,0.268,0.393,2
SNRPE,BF-NAPE,no hit,0.264,0.486,2
SARS1,BF-NAPE,no hit,0.263,0.398,3
Fkbp1a; FKBP1A,BF-NAPE,no hit,0.263,0.00547,1
CUL4B,BF-NAPE,no hit,0.262,0.279,3
RBM14; RBM4,BF-NAPE,no hit,0.26,0.871,1
COPB2,BF-NAPE,no hit,0.259,0.346,3
CLTA,BF-NAPE,no hit,0.251,0.838,1
HMGCS1,BF-NAPE,no hit,0.251,0.383,2
CAPG,BF-NAPE,no hit,0.25,0.585,2
HNRNPA0,BF-NAPE,no hit,0.25,0.0239,3
NCAPD2,BF-NAPE,no hit,0.249,0.307,3
GSN,BF-NAPE,no hit,0.246,0.28,3
RPS27A,BF-NAPE,no hit,0.245,0.821,1
CMBL,BF-NAPE,no hit,0.244,0.434,2
GRWD1,BF-NAPE,no hit,0.242,0.404,3
COTL1,BF-NAPE,no hit,0.239,0.45,3
SRSF4,BF-NAPE,no hit,0.238,0.797,1
TGFBI,BF-NAPE,no hit,0.238,0.135,1
RCN1,BF-NAPE,no hit,0.236,0.182,1
SRP14,BF-NAPE,no hit,0.235,0.185,3
SERPINB5,BF-NAPE,no hit,0.234,0.358,2
NONO,BF-NAPE,no hit,0.233,0.33,3
RAD50,BF-NAPE,no hit,0.233,0.482,3
COPB1,BF-NAPE,no hit,0.231,0.586,2
RPS28,BF-NAPE,no hit,0.23,0.512,2
TPM4,BF-NAPE,no hit,0.23,0.244,3
ACIN1,BF-NAPE,no hit,0.229,0.581,3
ANXA5,BF-NAPE,no hit,0.222,0.54,2
RPL18,BF-NAPE,no hit,0.222,0.257,3
DNM1L,BF-NAPE,no hit,0.219,0.502,3
TUBAL3,BF-NAPE,no hit,0.217,0.435,2
DDX39A,BF-NAPE,no hit,0.216,0.321,3
SRSF6,BF-NAPE,no hit,0.216,0.657,2
SCAMP3,BF-NAPE,no hit,0.215,0.424,1
PHB2,BF-NAPE,no hit,0.214,0.429,2
Psmc6; PSMC6,BF-NAPE,no hit,0.213,0.288,3
LOC100411672; LOC101361983; LOC102746862; LOC102816131; LOC111148109; LOC111534944; LOC112620074; LOC116566029; rps27a; Rps27a; RPS27A; rps27a.S,BF-NAPE,no hit,0.211,0.00201,1
ARPC4-TTLL3,BF-NAPE,no hit,0.21,0.226,3
RPL7,BF-NAPE,no hit,0.209,0.672,2
B4GALT1,BF-NAPE,no hit,0.207,0.489,3
ARPC5,BF-NAPE,no hit,0.207,0.692,1
SNRPD3,BF-NAPE,no hit,0.204,0.472,3
TRIM25,BF-NAPE,no hit,0.203,0.638,2
ZC3H15,BF-NAPE,no hit,0.202,0.678,1
RPS15A,BF-NAPE,no hit,0.202,0.63,2
HNRNPF,BF-NAPE,no hit,0.201,0.446,2
EHD2,BF-NAPE,no hit,0.198,0.468,1
PSMA4,BF-NAPE,no hit,0.196,0.359,3
MCM7,BF-NAPE,no hit,0.192,0.337,3
PSMD7,BF-NAPE,no hit,0.191,0.686,2
KYNU,BF-NAPE,no hit,0.189,0.352,3
WDR61,BF-NAPE,no hit,0.188,0.75,2
FXR2,BF-NAPE,no hit,0.187,0.25,1
RPS21,BF-NAPE,no hit,0.186,0.316,3
ACTG1,BF-NAPE,no hit,0.186,0.66,2
MAT2B,BF-NAPE,no hit,0.182,0.549,3
Cops2; COPS2; LOC101356833; LOC111162519,BF-NAPE,no hit,0.182,0.0791,2
VBP1,BF-NAPE,no hit,0.179,0.405,3
POLD1,BF-NAPE,no hit,0.177,0.523,1
RPL30,BF-NAPE,no hit,0.177,0.464,2
ITGB1,BF-NAPE,no hit,0.173,0.438,3
HNRNPH3,BF-NAPE,no hit,0.173,0.469,2
ANXA6,BF-NAPE,no hit,0.171,0.478,6
SNRNP40,BF-NAPE,no hit,0.171,0.151,1
NAP1L1,BF-NAPE,no hit,0.171,0.383,3
SLC25A3,BF-NAPE,no hit,0.17,0.416,3
TARDBP,BF-NAPE,no hit,0.169,0.276,3
SMC2,BF-NAPE,no hit,0.164,0.813,2
PSMA2,BF-NAPE,no hit,0.164,0.543,3
PFKM,BF-NAPE,no hit,0.163,0.405,2
DDX46,BF-NAPE,no hit,0.162,0.649,3
PABPC1,BF-NAPE,no hit,0.162,0.555,2
SAR1B,BF-NAPE,no hit,0.162,0.321,2
TUBB4B,BF-NAPE,no hit,0.16,0.794,2
DHCR7,BF-NAPE,no hit,0.158,0.63,3
MTAP,BF-NAPE,no hit,0.157,0.362,3
PARP1,BF-NAPE,no hit,0.156,0.426,3
SRSF1,BF-NAPE,no hit,0.155,0.404,3
CUL4A,BF-NAPE,no hit,0.155,0.41,2
VIM,BF-NAPE,no hit,0.154,0.396,3
PSMA3,BF-NAPE,no hit,0.153,0.433,3
FAM98B,BF-NAPE,no hit,0.153,0.527,1
SLC16A3,BF-NAPE,no hit,0.153,0.398,3
CAPN2,BF-NAPE,no hit,0.152,0.186,3
CDK1,BF-NAPE,no hit,0.152,0.522,3
BLVRA,BF-NAPE,no hit,0.151,0.522,1
VPS35,BF-NAPE,no hit,0.15,0.416,3
HNRNPA3,BF-NAPE,no hit,0.15,0.332,3
NPEPPS,BF-NAPE,no hit,0.148,0.491,3
RBBP4,BF-NAPE,no hit,0.148,0.758,2
ZMPSTE24,BF-NAPE,no hit,0.148,0.729,2
RPS13,BF-NAPE,no hit,0.147,0.409,3
RPL13A,BF-NAPE,no hit,0.147,0.463,3
LOC101346538; LOC111145750; LOC112634661; LOC117799814; Rpl7a; RPL7A,BF-NAPE,no hit,0.146,0.142,1
ATP6V1A,BF-NAPE,no hit,0.146,0.259,3
RPL10A,BF-NAPE,no hit,0.142,0.487,3
SF3A1,BF-NAPE,no hit,0.141,0.431,3
FHL2,BF-NAPE,no hit,0.14,0.549,2
CDC73,BF-NAPE,no hit,0.14,0.58,1
LOC100051778; LOC102750853; LOC102823497; LOC105854794; LOC111159891; LOC112620767; LOC112656592; LOC113224813; LOC712987; Rpl21; RPL21; Rpl21_3,BF-NAPE,no hit,0.14,0.152,1
RFC4,BF-NAPE,no hit,0.138,0.41,1
GLO1,BF-NAPE,no hit,0.137,0.515,3
RPL15,BF-NAPE,no hit,0.136,0.427,3
RAB14,BF-NAPE,no hit,0.136,0.524,3
CSRP2,BF-NAPE,no hit,0.136,0.587,3
ATP5F1B,BF-NAPE,no hit,0.136,0.594,2
ATP6V1B2,BF-NAPE,no hit,0.135,0.654,3
EIF3B,BF-NAPE,no hit,0.135,0.593,3
RBM39,BF-NAPE,no hit,0.135,0.504,3
MARS1,BF-NAPE,no hit,0.135,0.36,3
MCM4,BF-NAPE,no hit,0.134,0.405,3
PPME1,BF-NAPE,no hit,0.133,0.423,2
COPS4,BF-NAPE,no hit,0.132,0.39,2
PNP,BF-NAPE,no hit,0.132,0.467,3
SNRPA,BF-NAPE,no hit,0.131,0.464,1
RPL10,BF-NAPE,no hit,0.131,0.761,2
LOC101357058; LOC111160804; SMD2; snrpd2; Snrpd2; SNRPD2,BF-NAPE,no hit,0.131,0.476,3
CDK5,BF-NAPE,no hit,0.13,0.5,2
TPT1,BF-NAPE,no hit,0.13,0.308,3
H3-3A; H3-3B,BF-NAPE,no hit,0.128,0.776,2
LOC101357184; LOC102538970; LOC102919450; LOC110122747; LOC113224943; Rpl30; RPL30,BF-NAPE,no hit,0.128,0.179,1
CTSD,BF-NAPE,no hit,0.127,0.507,3
RAB7A,BF-NAPE,no hit,0.125,0.366,3
LOC111152633; SNRPA1,BF-NAPE,no hit,0.125,0.166,1
HLA-A,BF-NAPE,no hit,0.125,0.543,3
RPL7A,BF-NAPE,no hit,0.125,0.709,2
SLC38A2,BF-NAPE,no hit,0.122,0.00596,3
PKM2,BF-NAPE,no hit,0.122,0.561,1
YWHAH,BF-NAPE,no hit,0.122,0.85,2
EIF1,BF-NAPE,no hit,0.121,0.172,2
SLC25A6,BF-NAPE,no hit,0.12,0.0492,3
HNRNPH2,BF-NAPE,no hit,0.12,0.544,2
SFPQ,BF-NAPE,no hit,0.118,0.506,3
SF3B1,BF-NAPE,no hit,0.117,0.68,2
RPL14,BF-NAPE,no hit,0.116,0.513,3
CBX3,BF-NAPE,no hit,0.116,0.562,3
ACTBL2,BF-NAPE,no hit,0.116,0.371,3
AGPS,BF-NAPE,no hit,0.116,0.711,3
FEN1,BF-NAPE,no hit,0.115,0.501,3
PKM,BF-NAPE,no hit,0.115,0.842,2
SERPINH1,BF-NAPE,no hit,0.114,0.626,3
FSCN1,BF-NAPE,no hit,0.114,0.577,3
ATP5F1A,BF-NAPE,no hit,0.114,0.684,2
USP5,BF-NAPE,no hit,0.113,0.483,3
RPL13,BF-NAPE,no hit,0.112,0.511,3
EIF4A1,BF-NAPE,no hit,0.112,0.552,3
SSB,BF-NAPE,no hit,0.111,0.573,3
RAP1B,BF-NAPE,no hit,0.111,0.632,2
PSMB6,BF-NAPE,no hit,0.111,0.208,3
SEC22B,BF-NAPE,no hit,0.11,0.545,3
CAVIN1,BF-NAPE,no hit,0.11,0.626,3
PRPF6,BF-NAPE,no hit,0.11,0.246,1
MARCKS,BF-NAPE,no hit,0.11,0.658,3
GPD2,BF-NAPE,no hit,0.11,0.494,3
AP2B1,BF-NAPE,no hit,0.109,0.409,1
OLA1,BF-NAPE,no hit,0.108,0.631,3
RAB1A,BF-NAPE,no hit,0.108,0.559,3
EIF3D,BF-NAPE,no hit,0.108,0.361,3
KTN1,BF-NAPE,no hit,0.108,0.325,3
LOC111158766; LOC113926370; LOC114493822; LOC117313161; LOC118905522; Syncrip; SYNCRIP,BF-NAPE,no hit,0.108,0.577,3
HIBADH,BF-NAPE,no hit,0.107,0.517,2
MGST1,BF-NAPE,no hit,0.107,0.321,3
NNMT,BF-NAPE,no hit,0.106,0.731,2
MAT2A,BF-NAPE,no hit,0.106,0.473,3
EIF4H,BF-NAPE,no hit,0.106,0.606,3
GANAB,BF-NAPE,no hit,0.105,0.642,2
LOC101355514; LOC101876649; LOC101973962; LOC103077263; LOC103115243; LOC110589897; LOC111151029; LOC112618833; Snrpe; SNRPE; Snrpe_1,BF-NAPE,no hit,0.105,0.0361,1
KHSRP,BF-NAPE,no hit,0.105,0.564,3
C1QBP,BF-NAPE,no hit,0.103,0.574,3
SMARCA4,BF-NAPE,no hit,0.102,0.892,2
H1-4,BF-NAPE,no hit,0.102,0.391,1
RTN4,BF-NAPE,no hit,0.102,0.273,3
HNRNPA2B1,BF-NAPE,no hit,0.102,0.718,2
RPL22,BF-NAPE,no hit,0.101,0.78,2
ME1,BF-NAPE,no hit,0.101,0.503,3
RPS10,BF-NAPE,no hit,0.1,0.559,3
HARS1,BF-NAPE,no hit,0.1,0.272,3
ABCF1,BF-NAPE,no hit,0.0996,0.501,3
LRPPRC,BF-NAPE,no hit,0.0993,0.575,3
SNRNP200,BF-NAPE,no hit,0.0989,0.245,3
CAB39,BF-NAPE,no hit,0.0989,0.586,1
MCM5,BF-NAPE,no hit,0.0981,0.578,3
TUBB,BF-NAPE,no hit,0.097,0.772,2
PDCD6,BF-NAPE,no hit,0.0968,0.246,2
MACROH2A1,BF-NAPE,no hit,0.0967,0.395,2
GNAI2,BF-NAPE,no hit,0.0962,0.58,3
RPS9,BF-NAPE,no hit,0.096,0.585,3
MGST3,BF-NAPE,no hit,0.0959,0.371,1
RRS1,BF-NAPE,no hit,0.0959,0.376,1
GSTO1,BF-NAPE,no hit,0.0946,0.547,3
HNRNPL,BF-NAPE,no hit,0.0942,0.602,3
YARS1,BF-NAPE,no hit,0.0941,0.603,3
NPM1,BF-NAPE,no hit,0.0928,0.59,3
EMD,BF-NAPE,no hit,0.0919,0.572,3
RNH1,BF-NAPE,no hit,0.0914,0.591,3
H2AC18; H2AC19,BF-NAPE,no hit,0.0909,0.365,1
DARS1,BF-NAPE,no hit,0.0904,0.531,3
LOC100415625; LOC100460507; LOC101375315; LOC101577206; LOC102726231; LOC102909002; LOC105861123; LOC107140623; LOC111144104; LOC111540882; LOC112811032; LOC114496478; LOC450727; Rpl32; RPL32; Rpl32_5,BF-NAPE,no hit,0.0899,0.281,1
HP1BP3,BF-NAPE,no hit,0.089,0.494,2
LOC101357717; LOC111145177; Sf3b1; SF3B1,BF-NAPE,no hit,0.0889,0.0289,1
NARS1,BF-NAPE,no hit,0.0887,0.391,3
CCT2,BF-NAPE,no hit,0.0884,0.794,2
PSMB2,BF-NAPE,no hit,0.0883,0.689,2
HNRNPH1,BF-NAPE,no hit,0.0875,0.622,3
EIF2S3,BF-NAPE,no hit,0.0875,0.796,2
TOMM34,BF-NAPE,no hit,0.0873,0.114,3
Hnrnpk; HNRNPK; LOC101341169; LOC111153533,BF-NAPE,no hit,0.0872,0.603,3
SUGT1,BF-NAPE,no hit,0.0865,0.268,3
COPZ1,BF-NAPE,no hit,0.0865,0.222,2
RAB10,BF-NAPE,no hit,0.0863,0.751,3
GTF2I,BF-NAPE,no hit,0.0863,0.563,3
TFRC,BF-NAPE,no hit,0.0848,0.65,3
HNRNPU,BF-NAPE,no hit,0.0841,0.507,3
PCNA,BF-NAPE,no hit,0.0841,0.595,3
ALG1,BF-NAPE,no hit,0.0828,0.346,1
CCT8,BF-NAPE,no hit,0.0826,0.652,3
ASNS,BF-NAPE,no hit,0.0822,0.745,3
MTREX,BF-NAPE,no hit,0.082,0.531,2
RPL6,BF-NAPE,no hit,0.0819,0.554,3
Actr1a; ACTR1A; LOC101353975; LOC111144862,BF-NAPE,no hit,0.0818,0.0335,1
PSMD1,BF-NAPE,no hit,0.0816,0.474,3
SNU13,BF-NAPE,no hit,0.0803,0.285,2
RBMX,BF-NAPE,no hit,0.079,0.46,3
PHB1,BF-NAPE,no hit,0.0784,0.639,3
ETF1,BF-NAPE,no hit,0.0781,0.733,2
MAGED2,BF-NAPE,no hit,0.0779,0.642,3
PRKCSH,BF-NAPE,no hit,0.0773,0.256,3
HSPA5,BF-NAPE,no hit,0.0764,0.831,2
CALR,BF-NAPE,no hit,0.0763,0.635,3
PGRMC2,BF-NAPE,no hit,0.0762,0.703,2
TRIP13,BF-NAPE,no hit,0.0761,0.67,3
HDLBP,BF-NAPE,no hit,0.0752,0.359,2
RPS16,BF-NAPE,no hit,0.074,0.719,3
RPN1,BF-NAPE,no hit,0.0738,0.567,3
KCTD12,BF-NAPE,no hit,0.0712,0.443,3
LMNB1,BF-NAPE,no hit,0.0711,0.685,3
SHMT2,BF-NAPE,no hit,0.0706,0.406,3
PSMB4,BF-NAPE,no hit,0.0705,0.723,3
STIP1,BF-NAPE,no hit,0.0701,0.529,3
PRPS2,BF-NAPE,no hit,0.0696,0.425,1
RPL3,BF-NAPE,no hit,0.0696,0.761,3
FH,BF-NAPE,no hit,0.0695,0.353,3
HNRNPDL,BF-NAPE,no hit,0.0686,0.421,3
G6PD,BF-NAPE,no hit,0.0672,0.637,3
PSMC2,BF-NAPE,no hit,0.0659,0.298,3
IARS2,BF-NAPE,no hit,0.0644,0.632,1
UQCRC1,BF-NAPE,no hit,0.0642,0.408,3
PSAT1,BF-NAPE,no hit,0.0627,0.651,3
IMMT,BF-NAPE,no hit,0.0625,0.384,3
HNRNPC,BF-NAPE,no hit,0.0625,0.715,3
LRRFIP1,BF-NAPE,no hit,0.0619,0.225,2
CCT3,BF-NAPE,no hit,0.0616,0.776,3
CBX5,BF-NAPE,no hit,0.0603,0.458,1
EIF3A,BF-NAPE,no hit,0.0598,0.537,3
PRDX4,BF-NAPE,no hit,0.0597,0.812,2
NAXE,BF-NAPE,no hit,0.0595,0.272,3
LAMP1,BF-NAPE,no hit,0.0587,0.554,3
MATR3,BF-NAPE,no hit,0.0583,0.776,3
DHCR24,BF-NAPE,no hit,0.0583,0.261,1
ARF4,BF-NAPE,no hit,0.0581,0.506,3
ND5,BF-NAPE,no hit,0.0573,0.381,1
PSME2,BF-NAPE,no hit,0.0569,0.395,3
EIF2S2,BF-NAPE,no hit,0.0561,0.613,3
MCM6,BF-NAPE,no hit,0.0561,0.659,3
HNRNPM,BF-NAPE,no hit,0.0559,0.668,3
RPS20,BF-NAPE,no hit,0.0557,0.782,3
H1-10,BF-NAPE,no hit,0.0552,0.187,3
H4-16; H4C1; H4C11; H4C12; H4C13; H4C14; H4C15; H4C2; H4C3; H4C4; H4C5; H4C6; H4C8; H4C9,BF-NAPE,no hit,0.0549,0.423,2
TUBA1C,BF-NAPE,no hit,0.0549,0.772,3
CUL1,BF-NAPE,no hit,0.0547,0.243,3
EIF6,BF-NAPE,no hit,0.0544,0.662,3
RSU1,BF-NAPE,no hit,0.054,0.802,3
RPL12,BF-NAPE,no hit,0.0532,0.631,3
CPNE1,BF-NAPE,no hit,0.0525,0.433,3
PRPF8,BF-NAPE,no hit,0.0525,0.3,3
LOC118896992; Rpl22; RPL22,BF-NAPE,no hit,0.0521,0.4,1
ATP5MG,BF-NAPE,no hit,0.0511,0.281,1
EIF3L,BF-NAPE,no hit,0.0507,0.312,2
GDI2,BF-NAPE,no hit,0.0499,0.557,3
VCP,BF-NAPE,no hit,0.0495,0.776,3
CSTB,BF-NAPE,no hit,0.049,0.275,1
Hnrnpa2b1; HNRNPA2B1; LOC111147225,BF-NAPE,no hit,0.049,0.413,1
DDX21,BF-NAPE,no hit,0.0488,0.442,3
ATP5MF-PTCD1,BF-NAPE,no hit,0.0483,0.439,2
RPL18A,BF-NAPE,no hit,0.0482,0.783,3
STOML2,BF-NAPE,no hit,0.0481,0.588,3
EGR_10954; H4; H4-16; H4-I; H4-II; H4-III; H4-IV; H4-V; H4-VI; H4-VII; h4.a; H4c1; H4C1; h4c1.L; H4c11; H4C11; H4c12; H4C12; H4C13; H4c14; H4C14; H4C15; H4c2; H4C2; h4c3; H4c3; H4C3; H4c4; H4C4; H4C5; H4c6; H4C6; H4c8; H4C8; H4c9; H4C9; H4f16; HIST1H4D; hist1h4l; HIST1H4L; Hist1h4m; HIST1H4M; Hist2h4; HIST4H4; histone H4; Histone H4; LOC100013511; LOC100093154; LOC100221944; LOC100481285; LOC100541738; LOC100553870; LOC100728325; LOC100917088; LOC101068156; LOC101105290; LOC101326046; LOC101382175; LOC101575881; LOC101601628; LOC101795509; LOC101808006; LOC101825928; LOC101874021; LOC102018289; LOC102042794; LOC102075163; LOC102172954; LOC102367360; LOC102384725; LOC102424579; LOC102746084; LOC102821749; LOC102903868; LOC102971438; LOC102993890; LOC103004316; LOC103081667; LOC103123889; LOC103204646; LOC103259942; LOC103677773; LOC103792212; LOC103813629; LOC104953182; LOC104987695; LOC105296311; LOC105865499; LOC105896841; LOC105992280; LOC106145262; LOC106177733; LOC106488349; LOC106527735; LOC106542980; LOC106600082; LOC106730926; LOC107152689; LOC107312644; LOC107579976; LOC107673437; LOC107740223; LOC107977157; LOC108262037; LOC108901762; LOC108922304; LOC109048535; LOC109252622; LOC109375763; LOC109485848; LOC109576914; LOC110075226; LOC110132975; LOC110220158; LOC110308658; LOC110580915; LOC111138555; LOC111168536; LOC111724950; LOC111819284; LOC111942906; LOC112110709; LOC112412589; LOC112634881; LOC112674397; LOC112838347; LOC112853497; LOC112910323; LOC112959472; LOC112996072; LOC113051251; LOC113221881; LOC113246106; LOC113422773; LOC113443512; LOC113475869; LOC113576910; LOC113593855; LOC113790298; LOC113881709; LOC113931160; LOC113997389; LOC114109699; LOC114431901; LOC114489255; LOC114581797; LOC114663571; LOC114797082; LOC114885785; LOC115009875; LOC115061312; LOC115072148; LOC115215770; LOC115336194; LOC115363259; LOC115389944; LOC115410032; LOC115459743; LOC115514795; LOC115532410; LOC115583839; LOC115641737; LOC115745046; LOC115825704; LOC115945175; LOC115945195; LOC116036299; LOC116284488; LOC116364139; LOC116442604; LOC116502374; LOC116543205; LOC116760723; LOC117364958; LOC117541175; LOC117666870; LOC118287607; LOC118904005; LOC483167; LOC8030709; SI:CH211-113A14.10; SSS_273g; TGas006m08.1_5; TGas006m08.1_6,BF-NAPE,no hit,0.0479,0.418,1
LIG1,BF-NAPE,no hit,0.0479,0.274,1
PDIA3,BF-NAPE,no hit,0.0478,0.817,2
RAB5C,BF-NAPE,no hit,0.0474,0.409,3
HNRPA1,BF-NAPE,no hit,0.0469,0.648,3
DHX9,BF-NAPE,no hit,0.0461,0.571,3
EIF3G,BF-NAPE,no hit,0.0458,0.551,3
MYL12A,BF-NAPE,no hit,0.0456,0.638,3
PPA1,BF-NAPE,no hit,0.0453,0.304,3
PTBP1,BF-NAPE,no hit,0.0445,0.569,3
ELAVL1,BF-NAPE,no hit,0.0444,0.378,3
RPSA,BF-NAPE,no hit,0.0442,0.768,3
SAR1A,BF-NAPE,no hit,0.0441,0.316,3
PRKDC,BF-NAPE,no hit,0.044,0.499,3
TUBB3,BF-NAPE,no hit,0.0427,0.184,3
RPL27,BF-NAPE,no hit,0.0418,0.901,2
NAT10,BF-NAPE,no hit,0.0417,0.501,1
YWHAQ,BF-NAPE,no hit,0.0409,0.727,3
HSPA4,BF-NAPE,no hit,0.0407,0.659,3
HSP90AB1,BF-NAPE,no hit,0.0407,0.811,3
ACTL6A,BF-NAPE,no hit,0.0406,0.597,2
DYNC1H1,BF-NAPE,no hit,0.04,0.61,3
HSPA9,BF-NAPE,no hit,0.0398,0.632,3
LOC101348422; LOC112933574; Rplp1; RPLP1,BF-NAPE,no hit,0.0396,0.311,1
KPNB1,BF-NAPE,no hit,0.0395,0.841,3
SRPRB,BF-NAPE,no hit,0.0395,0.393,3
TPR,BF-NAPE,no hit,0.0393,0.523,3
ARPC1B,BF-NAPE,no hit,0.0386,0.749,3
PAICS,BF-NAPE,no hit,0.0382,0.551,3
DDX5,BF-NAPE,no hit,0.0357,0.417,3
AKR1A1; HEL-S-165mP,BF-NAPE,no hit,0.0354,0.382,1
TNPO1,BF-NAPE,no hit,0.0352,0.75,3
H2AZ1,BF-NAPE,no hit,0.0351,0.647,3
ATIC,BF-NAPE,no hit,0.0343,0.831,3
CS,BF-NAPE,no hit,0.0342,0.665,3
RPS26,BF-NAPE,no hit,0.0339,0.498,3
PSMG1,BF-NAPE,no hit,0.0338,0.427,3
LOC100015376; LOC100915652; LOC101357547; LOC101877268; LOC110136911; LOC110222708; LOC111148316; LOC118903051; Rps23; RPS23,BF-NAPE,no hit,0.0334,0.476,1
EEF1G,BF-NAPE,no hit,0.0334,0.748,3
TLN1,BF-NAPE,no hit,0.0331,0.87,3
NSUN2,BF-NAPE,no hit,0.0327,0.731,3
RBBP7,BF-NAPE,no hit,0.0318,0.497,3
PSMB3,BF-NAPE,no hit,0.0315,0.592,3
FLOT1,BF-NAPE,no hit,0.0313,0.243,1
CCT7,BF-NAPE,no hit,0.031,0.857,3
SCP2,BF-NAPE,no hit,0.0305,0.91,2
EFTUD2,BF-NAPE,no hit,0.0304,0.621,3
GAPDH,BF-NAPE,no hit,0.0302,0.752,3
SRSF2,BF-NAPE,no hit,0.0302,0.759,3
AARS1,BF-NAPE,no hit,0.0296,0.721,3
ILF2,BF-NAPE,no hit,0.0294,0.638,3
RANBP6,BF-NAPE,no hit,0.0294,0.423,2
MYL6,BF-NAPE,no hit,0.0292,0.0861,3
XRCC5,BF-NAPE,no hit,0.0283,0.692,3
RAP1A,BF-NAPE,no hit,0.0281,0.495,1
RBM14,BF-NAPE,no hit,0.0275,0.504,2
CAPZB,BF-NAPE,no hit,0.0269,0.931,2
RPS3A,BF-NAPE,no hit,0.0266,0.699,3
ATAD3A,BF-NAPE,no hit,0.0257,0.852,3
NCL,BF-NAPE,no hit,0.0256,0.918,3
TPM3,BF-NAPE,no hit,0.0255,0.599,3
H2afy; H2AFY; LOC100466888; LOC101338325; LOC101381952; LOC101564704; LOC102987354; LOC103079324; LOC103663804; LOC105869993; LOC106989149; LOC109250833; LOC110591142; LOC111141291; LOC111182462; LOC112404331; LOC112625777; LOC112815157; LOC112861289; LOC112917035; LOC113261754; LOC113928700; LOC114891795; LOC115516119; LOC116529369; LOC116750637; MACROH2A1,BF-NAPE,no hit,0.0249,0.508,1
TGM2,BF-NAPE,no hit,0.0245,0.828,3
EIF3H,BF-NAPE,no hit,0.0244,0.303,2
LASP1,BF-NAPE,no hit,0.0241,0.382,3
ACTB,BF-NAPE,no hit,0.023,0.881,3
DSG2,BF-NAPE,no hit,0.0228,0.531,1
PSMC4,BF-NAPE,no hit,0.0226,0.696,2
Dnaja1; DNAJA1; LOC109263810; LOC111146318; LOC112645844; LOC112809310,BF-NAPE,no hit,0.0218,0.524,1
GSTM3,BF-NAPE,no hit,0.0214,0.655,3
ANXA1,BF-NAPE,no hit,0.0204,0.583,3
YBX1,BF-NAPE,no hit,0.0202,0.449,3
HSPA8,BF-NAPE,no hit,0.02,0.706,3
SMU1,BF-NAPE,no hit,0.0197,0.223,1
TXNDC5,BF-NAPE,no hit,0.0197,0.226,3
PSMD5,BF-NAPE,no hit,0.0196,0.747,3
HEL-S-69p; LOC111554934; LOC117799495; PPIA,BF-NAPE,no hit,0.0186,0.54,1
HSPA1A,BF-NAPE,no hit,0.0186,0.565,2
RPS25,BF-NAPE,no hit,0.0183,0.496,3
RUVBL2,BF-NAPE,no hit,0.018,0.723,3
CAND1,BF-NAPE,no hit,0.0179,0.71,3
PRDX6,BF-NAPE,no hit,0.0179,0.61,2
KPNA2,BF-NAPE,no hit,0.0172,0.739,3
Eif5a; EIF5A; LOC101358224; LOC111161197; LOC117799153; LOC496181,BF-NAPE,no hit,0.012,0.779,3
GNAI3,BF-NAPE,no hit,0.0115,0.394,3
COPG1,BF-NAPE,no hit,0.0112,0.364,3
ERLIN1,BF-NAPE,no hit,0.0111,0.674,2
PSMD6,BF-NAPE,no hit,0.0105,0.439,2
GPI,BF-NAPE,no hit,0.0105,0.881,3
CKAP4,BF-NAPE,no hit,0.00854,0.25,3
CCT4,BF-NAPE,no hit,0.00828,0.872,3
GNAS,BF-NAPE,no hit,0.00763,0.484,3
CCT6A,BF-NAPE,no hit,0.0063,0.501,3
TUBA1A,BF-NAPE,no hit,0.00534,0.682,3
SAE1,BF-NAPE,no hit,0.00531,0.479,3
RPL11,BF-NAPE,no hit,0.00523,0.78,2
RPS17,BF-NAPE,no hit,0.00476,0.548,2
RPL17-C18orf32,BF-NAPE,no hit,0.0043,0.761,3
MDH2,BF-NAPE,no hit,0.00365,0.744,3
RPS23,BF-NAPE,no hit,0.00345,0.796,2
NACA,BF-NAPE,no hit,0.00323,0.605,3
IQGAP2,BF-NAPE,no hit,0.00269,0.424,2
ACTR3,BF-NAPE,no hit,0.0025,0.342,2
ATP5PO,BF-NAPE,no hit,0.00242,0.906,3
AHCY,BF-NAPE,no hit,0.0024,0.801,3
CLTC,BF-NAPE,no hit,0.00104,0.965,3
PARK7,BF-NAPE,no hit,5.85e-4,0.665,3
YWHAG,BF-NAPE,no hit,0,0.777,3
RACK1,BF-NAPE,no hit,-6.04e-5,0.544,3
GARS1,BF-NAPE,no hit,-1.17e-4,0.518,3
HAT1,BF-NAPE,no hit,-2.91e-4,0.761,3
DDOST,BF-NAPE,no hit,-3.53e-4,0.702,3
ANP32B,BF-NAPE,no hit,-4.85e-4,0.628,3
TUFM,BF-NAPE,no hit,-0.00138,0.729,3
DDX3X,BF-NAPE,no hit,-0.00158,0.61,3
SUPT16H,BF-NAPE,no hit,-0.00161,0.0138,3
EIF3C,BF-NAPE,no hit,-0.00164,0.631,1
CALD1,BF-NAPE,no hit,-0.00199,0.394,3
NQO1,BF-NAPE,no hit,-0.0026,0.731,3
IPO4,BF-NAPE,no hit,-0.00265,0.433,3
CBR1,BF-NAPE,no hit,-0.00288,0.537,3
RPL21,BF-NAPE,no hit,-0.00313,0.813,2
SNRPD1,BF-NAPE,no hit,-0.00325,0.865,3
G3BP1,BF-NAPE,no hit,-0.00332,0.573,3
ARPC3,BF-NAPE,no hit,-0.00377,0.558,3
EEF2,BF-NAPE,no hit,-0.00445,0.936,3
ARL3,BF-NAPE,no hit,-0.0055,0.301,3
P4HB,BF-NAPE,no hit,-0.00553,0.919,3
DDX17,BF-NAPE,no hit,-0.0057,0.347,3
ANXA2,BF-NAPE,no hit,-0.00595,0.712,3
RPL28,BF-NAPE,no hit,-0.00629,0.466,3
SEPTIN9,BF-NAPE,no hit,-0.00636,0.235,3
LMNA,BF-NAPE,no hit,-0.00659,0.859,3
PGM1,BF-NAPE,no hit,-0.00689,0.736,3
PEBP1,BF-NAPE,no hit,-0.00796,0.785,3
CRTAP,BF-NAPE,no hit,-0.00841,0.607,3
GOT1,BF-NAPE,no hit,-0.00912,0.482,3
SERBP1,BF-NAPE,no hit,-0.00976,0.505,2
RPS15,BF-NAPE,no hit,-0.01,0.276,3
TCP1,BF-NAPE,no hit,-0.0121,0.729,3
PGD,BF-NAPE,no hit,-0.0129,0.898,3
PSMA5,BF-NAPE,no hit,-0.013,0.571,2
HNRNPR,BF-NAPE,no hit,-0.0137,0.503,2
SF3B2,BF-NAPE,no hit,-0.0141,0.777,3
DLD,BF-NAPE,no hit,-0.0144,0.451,3
SERPINB6,BF-NAPE,no hit,-0.0146,0.695,1
EIF3M,BF-NAPE,no hit,-0.0152,0.579,3
RPS3,BF-NAPE,no hit,-0.0156,0.717,3
SLC3A2,BF-NAPE,no hit,-0.0161,0.655,3
RPS12,BF-NAPE,no hit,-0.0165,0.478,2
PPIA,BF-NAPE,no hit,-0.0165,0.712,2
NUDT5,BF-NAPE,no hit,-0.0168,0.584,3
ALDOA,BF-NAPE,no hit,-0.0173,0.673,3
LOC101352229; LOC111144137; TMEM113; Wdr82; WDR82,BF-NAPE,no hit,-0.0178,0.358,1
KHDRBS1,BF-NAPE,no hit,-0.019,0.484,3
RPL23,BF-NAPE,no hit,-0.0192,0.503,2
LOC51035,BF-NAPE,no hit,-0.0198,0.75,2
ARL6IP1; LOC101112339; LOC101344110; LOC101585542; LOC102729744; LOC102834622; LOC103069695; LOC103251525; LOC109392063; LOC111156074; LOC112624243; LOC112915184; LOC113925746; LOC114112986; Rps15a; RPS15A; Rps15a_0; SMG1,BF-NAPE,no hit,-0.02,0.171,1
CAPNS1,BF-NAPE,no hit,-0.0206,0.635,3
SF3A3,BF-NAPE,no hit,-0.0206,0.488,3
RARS1,BF-NAPE,no hit,-0.021,0.653,3
HPRT1,BF-NAPE,no hit,-0.0216,0.569,3
IQGAP1,BF-NAPE,no hit,-0.0229,0.719,3
HEL-S-97n; PRDX4,BF-NAPE,no hit,-0.0233,0.739,1
SEC13,BF-NAPE,no hit,-0.0234,0.337,3
CAD,BF-NAPE,no hit,-0.0247,0.553,3
FKBP4,BF-NAPE,no hit,-0.0249,0.464,3
CKB,BF-NAPE,no hit,-0.0257,0.761,2
PSMB1,BF-NAPE,no hit,-0.0257,0.408,3
PSMA7,BF-NAPE,no hit,-0.0262,0.618,3
YWHAB,BF-NAPE,no hit,-0.0275,0.617,3
RPS8,BF-NAPE,no hit,-0.0276,0.763,3
HNRNPAB,BF-NAPE,no hit,-0.0284,0.626,3
YWHAE,BF-NAPE,no hit,-0.029,0.842,3
RPS2,BF-NAPE,no hit,-0.0293,0.726,3
CCT2; HEL-S-100n,BF-NAPE,no hit,-0.0309,0.775,1
ARF1,BF-NAPE,no hit,-0.0316,0.431,2
IPO7,BF-NAPE,no hit,-0.0317,0.672,3
CSE1L,BF-NAPE,no hit,-0.0318,0.635,3
MCM2,BF-NAPE,no hit,-0.0325,0.654,3
G3BP2,BF-NAPE,no hit,-0.0326,0.319,2
DDX1,BF-NAPE,no hit,-0.0328,0.805,3
BTF3,BF-NAPE,no hit,-0.0331,0.205,3
ECHS1,BF-NAPE,no hit,-0.0334,0.619,3
PSMD11,BF-NAPE,no hit,-0.0343,0.795,3
ACTR2,BF-NAPE,no hit,-0.035,0.389,3
SEPTIN11,BF-NAPE,no hit,-0.0357,0.756,3
EEF1A1,BF-NAPE,no hit,-0.0364,0.788,3
Pfn2; PFN2,BF-NAPE,no hit,-0.0364,0.499,1
PPM1G,BF-NAPE,no hit,-0.0369,0.506,2
STRAP,BF-NAPE,no hit,-0.0382,0.733,3
AKR1B1,BF-NAPE,no hit,-0.0384,0.774,3
LOC101355253; LOC101873442; LOC106991292; LOC111143350; LOC113929150; Rbbp4; RBBP4,BF-NAPE,no hit,-0.0386,0.218,1
EZR,BF-NAPE,no hit,-0.0394,0.735,3
RPS4X,BF-NAPE,no hit,-0.0396,0.55,2
HEL-S-69,BF-NAPE,no hit,-0.0397,0.819,1
PRDX2,BF-NAPE,no hit,-0.0401,0.624,3
TAGLN2,BF-NAPE,no hit,-0.0406,0.78,3
AK1,BF-NAPE,no hit,-0.0408,0.824,1
RPL23A,BF-NAPE,no hit,-0.0417,0.415,2
TARS1,BF-NAPE,no hit,-0.0418,0.766,3
ACAT2,BF-NAPE,no hit,-0.0419,0.433,3
TWF1,BF-NAPE,no hit,-0.0423,0.253,3
WDR1,BF-NAPE,no hit,-0.043,0.84,1
RPL8,BF-NAPE,no hit,-0.0436,0.733,3
RRM1,BF-NAPE,no hit,-0.044,0.648,3
ACAA2,BF-NAPE,no hit,-0.0445,0.0635,3
UBLCP1,BF-NAPE,no hit,-0.045,0.293,2
XPO7,BF-NAPE,no hit,-0.0452,0.133,1
DHX15,BF-NAPE,no hit,-0.0457,0.791,3
RDX,BF-NAPE,no hit,-0.0463,0.225,3
ANXA3,BF-NAPE,no hit,-0.0475,0.539,3
FASN,BF-NAPE,no hit,-0.0476,0.748,3
LARP1,BF-NAPE,no hit,-0.0482,0.409,3
GSTP1,BF-NAPE,no hit,-0.0489,0.394,2
CTNNBL1,BF-NAPE,no hit,-0.0497,0.926,1
PSME3,BF-NAPE,no hit,-0.05,0.562,2
XPO1,BF-NAPE,no hit,-0.0502,0.647,3
HADHB,BF-NAPE,no hit,-0.0509,0.488,3
EIF2S1,BF-NAPE,no hit,-0.0511,0.664,3
ACAT1,BF-NAPE,no hit,-0.0518,0.588,3
IFI35; LOC101357529; LOC101881107; LOC103009022; LOC110297769; LOC110584085; LOC111151503; LOC111538076; LOC112814435; Rpl27; RPL27; Rpl27_0; Rpl27_1; RUNDC1,BF-NAPE,no hit,-0.0519,0.887,1
PCBP1,BF-NAPE,no hit,-0.052,0.283,3
HSPD1,BF-NAPE,no hit,-0.0526,0.648,3
LDHB,BF-NAPE,no hit,-0.0526,0.7,3
Hnrnph3; HNRNPH3; HNRPH3; LOC111145360,BF-NAPE,no hit,-0.053,0.889,1
HSP90B1,BF-NAPE,no hit,-0.0533,0.718,3
RPL24,BF-NAPE,no hit,-0.0534,0.61,3
EIF3J,BF-NAPE,no hit,-0.0538,0.162,2
TRAP1,BF-NAPE,no hit,-0.053900000000000003,0.735,3
CNBP,BF-NAPE,no hit,-0.0552,0.255,3
SBDS,BF-NAPE,no hit,-0.0552,0.122,1
SRP72,BF-NAPE,no hit,-0.0563,0.648,3
SLC1A5,BF-NAPE,no hit,-0.0571,0.187,3
PGAM1,BF-NAPE,no hit,-0.0575,0.465,3
XRCC6,BF-NAPE,no hit,-0.0582,0.594,3
DSTN,BF-NAPE,no hit,-0.0582,0.639,3
PFDN2,BF-NAPE,no hit,-0.0586,0.118,1
RAVER1,BF-NAPE,no hit,-0.0586,0.954,1
FUS,BF-NAPE,no hit,-0.0592,0.699,3
CAPRIN1,BF-NAPE,no hit,-0.0617,0.613,3
EPHX1,BF-NAPE,no hit,-0.062,0.591,3
RPS14,BF-NAPE,no hit,-0.0641,0.469,3
SLC25A5,BF-NAPE,no hit,-0.0644,0.675,3
ACTN1,BF-NAPE,no hit,-0.0645,0.507,2
SUB1,BF-NAPE,no hit,-0.0653,0.584,3
CDK2,BF-NAPE,no hit,-0.0664,0.981,1
KRT7,BF-NAPE,no hit,-0.068,0.684,3
ANXA5; HEL-S-7,BF-NAPE,no hit,-0.0687,0.311,1
LRRC47,BF-NAPE,no hit,-0.069,0.61,3
SLC25A11,BF-NAPE,no hit,-0.0694,0.489,3
EEF1B2,BF-NAPE,no hit,-0.0697,0.445,3
RSL1D1,BF-NAPE,no hit,-0.0703,0.389,3
U2AF2,BF-NAPE,no hit,-0.0711,0.666,3
RAD23B,BF-NAPE,no hit,-0.0713,0.213,3
CAPZA1,BF-NAPE,no hit,-0.0721,0.624,3
PEDS1-UBE2V1,BF-NAPE,no hit,-0.0732,0.619,1
PSMD3,BF-NAPE,no hit,-0.0733,0.428,3
HSPE1,BF-NAPE,no hit,-0.0737,0.52,3
YWHAZ,BF-NAPE,no hit,-0.0749,0.61,3
PFAS,BF-NAPE,no hit,-0.0758,0.277,3
PLS3,BF-NAPE,no hit,-0.0766,0.627,3
QARS1,BF-NAPE,no hit,-0.0768,0.602,3
TPI1,BF-NAPE,no hit,-0.0775,0.6,3
PPP2CB,BF-NAPE,no hit,-0.0777,0.633,1
BUB3,BF-NAPE,no hit,-0.0778,0.511,3
ENO1,BF-NAPE,no hit,-0.0779,0.624,3
HEL-S-269; PDIA3,BF-NAPE,no hit,-0.0811,0.961,1
UGP2,BF-NAPE,no hit,-0.0811,0.709,1
PA2G4,BF-NAPE,no hit,-0.0813,0.579,3
SRSF3,BF-NAPE,no hit,-0.0824,0.202,3
PSPC1,BF-NAPE,no hit,-0.0825,0.552,2
DDX19B,BF-NAPE,no hit,-0.0829,0.672,3
CNN2,BF-NAPE,no hit,-0.083,0.555,2
EPRS1,BF-NAPE,no hit,-0.0833,0.651,3
GART,BF-NAPE,no hit,-0.0838,0.594,3
GCN1,BF-NAPE,no hit,-0.0842,0.511,3
PRPF19,BF-NAPE,no hit,-0.0848,0.66,3
MYH9,BF-NAPE,no hit,-0.088,0.601,3
PPP2R1A,BF-NAPE,no hit,-0.0883,0.582,3
RPL4,BF-NAPE,no hit,-0.0887,0.593,3
RPLP1,BF-NAPE,no hit,-0.0888,0.403,2
RPL27A,BF-NAPE,no hit,-0.089,0.579,3
HMGB1,BF-NAPE,no hit,-0.0906,0.548,3
H1-5,BF-NAPE,no hit,-0.0906,0.579,3
ST13,BF-NAPE,no hit,-0.0913,0.592,3
SDHA,BF-NAPE,no hit,-0.0936,0.891,1
TUBA4A,BF-NAPE,no hit,-0.0942,0.541,3
HADHA,BF-NAPE,no hit,-0.0945,0.577,3
IDH1,BF-NAPE,no hit,-0.0962,0.58,3
EIF2S3; LOC116549357,BF-NAPE,no hit,-0.097,0.875,1
WDR82,BF-NAPE,no hit,-0.097,0.905,1
CFL1,BF-NAPE,no hit,-0.0981,0.529,3
DCTN1,BF-NAPE,no hit,-0.0982,0.781,1
PYGL,BF-NAPE,no hit,-0.0989,0.333,3
RAB2A,BF-NAPE,no hit,-0.0998,0.44,2
MTHFD1,BF-NAPE,no hit,-0.1,0.555,3
CTNNA1,BF-NAPE,no hit,-0.101,0.617,3
RPL38,BF-NAPE,no hit,-0.101,0.409,2
RPL9; RPL9P7; RPL9P8; RPL9P9,BF-NAPE,no hit,-0.103,0.589,3
EIF3C; EIF3S8,BF-NAPE,no hit,-0.105,0.46,1
PPP2R2A,BF-NAPE,no hit,-0.106,0.521,3
ATP5F1B; HEL-S-271,BF-NAPE,no hit,-0.106,0.829,1
FLNA,BF-NAPE,no hit,-0.107,0.493,3
H1-3,BF-NAPE,no hit,-0.108,0.265,2
ATP1A1,BF-NAPE,no hit,-0.109,0.525,3
EHD4,BF-NAPE,no hit,-0.109,0.828,1
ALDOC,BF-NAPE,no hit,-0.11,0.608,3
CSRP1,BF-NAPE,no hit,-0.111,0.419,3
LOC111151236; Msi2; MSI2,BF-NAPE,no hit,-0.111,0.883,1
PDS5A,BF-NAPE,no hit,-0.111,0.938,1
AIFM1,BF-NAPE,no hit,-0.111,0.563,3
FERMT2,BF-NAPE,no hit,-0.112,0.445,3
HMGB2,BF-NAPE,no hit,-0.112,0.561,3
LARS1,BF-NAPE,no hit,-0.114,0.378,3
CLIC1,BF-NAPE,no hit,-0.114,0.488,3
HEL-S-273,BF-NAPE,no hit,-0.116,0.45,3
BCL2L2; BCL2L2-PABPN1; LOC101332651; LOC102975296; LOC106988220; LOC109255027; LOC110585402; LOC111164107; LOC111554817; LOC112822568; LOC116541350; PABPN1,BF-NAPE,no hit,-0.116,0.752,1
GLS,BF-NAPE,no hit,-0.118,0.51,3
PRDX3,BF-NAPE,no hit,-0.118,0.374,3
CNDP2,BF-NAPE,no hit,-0.118,0.596,2
HSPB1,BF-NAPE,no hit,-0.118,0.454,3
VCL,BF-NAPE,no hit,-0.118,0.454,3
PAIP1,BF-NAPE,no hit,-0.119,0.637,3
RECQL,BF-NAPE,no hit,-0.119,0.274,3
MIF,BF-NAPE,no hit,-0.119,0.527,2
Cpsf6; CPSF6; LOC101349913; LOC111141974,BF-NAPE,no hit,-0.121,0.534,2
APEX1,BF-NAPE,no hit,-0.121,0.487,3
RPLP0,BF-NAPE,no hit,-0.121,0.476,3
FAM62A,BF-NAPE,no hit,-0.121,0.53,3
B3GALT4; LOC100189986; LOC100931606; LOC101350865; LOC111152375; LOC117798874; LOC717289; Rps18; RPS18,BF-NAPE,no hit,-0.122,0.544,1
TWF2,BF-NAPE,no hit,-0.122,0.815,1
KIF5B,BF-NAPE,no hit,-0.125,0.495,3
Etf1; ETF1; LOC101360857; LOC111140989,BF-NAPE,no hit,-0.125,0.733,1
FIS1,BF-NAPE,no hit,-0.126,0.65,3
H2AC11; H2AC13; H2AC15; H2AC16; H2AC17,BF-NAPE,no hit,-0.126,0.593,2
CYCS,BF-NAPE,no hit,-0.127,0.221,3
PPIB,BF-NAPE,no hit,-0.127,0.471,3
IPO5; RANBP5,BF-NAPE,no hit,-0.128,0.75,2
STOM,BF-NAPE,no hit,-0.128,0.474,3
H2BC17,BF-NAPE,no hit,-0.128,0.214,2
PRDX1,BF-NAPE,no hit,-0.129,0.482,3
PFN1,BF-NAPE,no hit,-0.129,0.415,3
KRT85,BF-NAPE,no hit,-0.129,0.392,2
DPYSL2,BF-NAPE,no hit,-0.13,0.574,3
HYOU1,BF-NAPE,no hit,-0.13,0.518,3
SRM,BF-NAPE,no hit,-0.13,0.586,3
RAB11B,BF-NAPE,no hit,-0.131,0.324,2
ATP5PB,BF-NAPE,no hit,-0.132,0.407,3
DEPDC5; LOC113219724; YWHAH,BF-NAPE,no hit,-0.132,0.59,1
DDB1,BF-NAPE,no hit,-0.133,0.526,3
HSD17B10,BF-NAPE,no hit,-0.134,0.498,3
PGK1,BF-NAPE,no hit,-0.134,0.411,3
LRRC59,BF-NAPE,no hit,-0.136,0.565,3
HNRNPD,BF-NAPE,no hit,-0.136,0.386,3
EBNA1BP2,BF-NAPE,no hit,-0.137,0.364,2
DYNC1I2,BF-NAPE,no hit,-0.138,0.551,3
ARCN1,BF-NAPE,no hit,-0.138,0.648,2
ATP2A2,BF-NAPE,no hit,-0.14,0.427,3
CAP1,BF-NAPE,no hit,-0.141,0.539,3
WARS1,BF-NAPE,no hit,-0.141,0.443,3
TUBB6,BF-NAPE,no hit,-0.142,0.441,3
LOC101121718; LOC101342853; LOC109555393; LOC112621791; LOC112808627; LOC113899183; RPS4; Rps4x; RPS4X,BF-NAPE,no hit,-0.144,0.641,1
AIMP2,BF-NAPE,no hit,-0.145,0.841,1
SF3B3,BF-NAPE,no hit,-0.146,0.471,3
PPP1CB,BF-NAPE,no hit,-0.147,0.418,3
RPL5,BF-NAPE,no hit,-0.147,0.409,3
GSR,BF-NAPE,no hit,-0.149,0.362,3
SND1,BF-NAPE,no hit,-0.15,0.382,3
PTGES3,BF-NAPE,no hit,-0.151,0.403,3
LOC117799679; RPL7,BF-NAPE,no hit,-0.152,0.697,1
SFXN1,BF-NAPE,no hit,-0.152,0.921,1
ATXN10,BF-NAPE,no hit,-0.152,0.367,3
CFL2,BF-NAPE,no hit,-0.154,0.327,3
ERP29,BF-NAPE,no hit,-0.155,0.393,3
SPTBN1,BF-NAPE,no hit,-0.155,0.637,3
HEL-S-89n; HSPA5,BF-NAPE,no hit,-0.157,0.579,1
UNC45A,BF-NAPE,no hit,-0.158,0.949,1
CNN3,BF-NAPE,no hit,-0.16,0.426,3
CDC42,BF-NAPE,no hit,-0.16,0.342,2
TXN,BF-NAPE,no hit,-0.162,0.325,3
EIF3E,BF-NAPE,no hit,-0.162,0.341,3
SMC3,BF-NAPE,no hit,-0.163,0.286,2
NAMPT,BF-NAPE,no hit,-0.163,0.547,3
SRP9,BF-NAPE,no hit,-0.164,0.434,3
GNB2,BF-NAPE,no hit,-0.164,0.439,3
NMT1,BF-NAPE,no hit,-0.165,0.508,3
ILK,BF-NAPE,no hit,-0.166,0.965,1
PSMA6,BF-NAPE,no hit,-0.166,0.449,3
H2AX,BF-NAPE,no hit,-0.167,0.314,3
GNL3,BF-NAPE,no hit,-0.168,0.54,3
DDX18,BF-NAPE,no hit,-0.169,0.967,1
KRT18,BF-NAPE,no hit,-0.17,0.434,3
ATP5F1A; HEL-S-123m,BF-NAPE,no hit,-0.17,0.517,1
LOC111146420; LOC111532042; LOC113248414; LOC115471989; Tubb4b; TUBB4B,BF-NAPE,no hit,-0.17,0.799,1
CCT5; HEL-S-69,BF-NAPE,no hit,-0.171,0.81,1
LOC117799543; RPL10,BF-NAPE,no hit,-0.172,0.812,1
TYMS,BF-NAPE,no hit,-0.172,0.948,1
CCAR2,BF-NAPE,no hit,-0.175,0.922,2
TXNRD1,BF-NAPE,no hit,-0.175,0.382,3
Mcts1; MCTS1,BF-NAPE,no hit,-0.177,0.99,1
UBE2N,BF-NAPE,no hit,-0.177,0.596,1
ELOA; LOC101356805; LOC111154778; Rpl11; RPL11,BF-NAPE,no hit,-0.178,0.482,1
PRDX5,BF-NAPE,no hit,-0.179,0.309,3
CAT,BF-NAPE,no hit,-0.179,0.115,3
NCKAP1,BF-NAPE,no hit,-0.18,0.99,1
EIF4G2,BF-NAPE,no hit,-0.18,0.447,3
PLA2G4A,BF-NAPE,no hit,-0.186,0.355,3
TAGLN3,BF-NAPE,no hit,-0.186,0.0338,1
Phb2; PHB2,BF-NAPE,no hit,-0.189,0.915,1
PSMD2,BF-NAPE,no hit,-0.19,0.274,3
EEF1D,BF-NAPE,no hit,-0.191,0.637,2
CTNNA2,BF-NAPE,no hit,-0.191,0.978,1
S100A4,BF-NAPE,no hit,-0.191,0.435,1
ATP4A,BF-NAPE,no hit,-0.193,0.422,1
HEL-S-52; WDR1,BF-NAPE,no hit,-0.193,0.937,1
LOC101341456; LOC106553108; LOC111152509; LOC112622444; LOC114901775; LOC115493080; TBB7; Tubb; TUBB; Tubb5; TUBB5,BF-NAPE,no hit,-0.193,0.932,1
RPS6,BF-NAPE,no hit,-0.193,0.109,2
SPR,BF-NAPE,no hit,-0.196,0.547,1
CBX1,BF-NAPE,no hit,-0.2,0.667,2
GMPPA,BF-NAPE,no hit,-0.202,0.999,1
SF1,BF-NAPE,no hit,-0.202,0.302,3
GSTP1; HEL-S-22,BF-NAPE,no hit,-0.204,0.999,1
HSPA1; HSPA1A; HSPA1B; LOC113222861,BF-NAPE,no hit,-0.204,0.38,1
RPS7,BF-NAPE,no hit,-0.205,0.265,3
PLAA,BF-NAPE,no hit,-0.207,0.455,3
ACO1,BF-NAPE,no hit,-0.209,0.289,3
ACTA1,BF-NAPE,no hit,-0.21,0.613,2
TALDO1,BF-NAPE,no hit,-0.212,0.225,3
NOP56,BF-NAPE,no hit,-0.212,0.709,2
HNRNPF; HNRPF,BF-NAPE,no hit,-0.212,0.356,1
LOC101347799; LOC111143461; Psma5; PSMA5,BF-NAPE,no hit,-0.212,0.919,1
ATP2B1,BF-NAPE,no hit,-0.213,0.798,2
GOT2,BF-NAPE,no hit,-0.213,0.208,3
GDI1,BF-NAPE,no hit,-0.213,0.332,3
UBA6,BF-NAPE,no hit,-0.213,0.399,2
DES,BF-NAPE,no hit,-0.214,0.973,1
HEL-S-128m; PRDX6,BF-NAPE,no hit,-0.214,0.943,1
LOC100458340; LOC111546096; LOC112207979; LOC112628619; LOC116533938; RPS17,BF-NAPE,no hit,-0.215,0.935,1
Pabpc1; PABPC1,BF-NAPE,no hit,-0.217,0.922,1
VDAC1,BF-NAPE,no hit,-0.22,0.34,3
SNRNP70,BF-NAPE,no hit,-0.222,0.521,3
Drg1; DRG1; LOC101583311; LOC111160066,BF-NAPE,no hit,-0.222,0.894,1
RUVBL1,BF-NAPE,no hit,-0.222,0.898,1
KPNA3,BF-NAPE,no hit,-0.224,0.951,1
HNRNPR; LOC111154612,BF-NAPE,no hit,-0.23,0.294,1
LUC7L3,BF-NAPE,no hit,-0.23,0.928,1
EIF2B1,BF-NAPE,no hit,-0.23,0.0918,2
CACYBP,BF-NAPE,no hit,-0.23,0.19,3
HEL-S-30; PKM,BF-NAPE,no hit,-0.232,0.839,1
LOC101356704; LOC111161514; PSMC4,BF-NAPE,no hit,-0.233,0.864,1
XPO5,BF-NAPE,no hit,-0.238,0.56,2
LUC7L2,BF-NAPE,no hit,-0.238,0.403,3
LONP1,BF-NAPE,no hit,-0.241,0.365,3
BLVRB,BF-NAPE,no hit,-0.242,0.588,2
CKB; HEL-S-29,BF-NAPE,no hit,-0.242,0.26,1
DNAJA1,BF-NAPE,no hit,-0.243,0.105,2
RAB5A,BF-NAPE,no hit,-0.243,0.663,2
RPL35A,BF-NAPE,no hit,-0.243,0.257,1
DNAJA2,BF-NAPE,no hit,-0.246,0.769,2
ACAD9,BF-NAPE,no hit,-0.248,0.41,1
ZYX,BF-NAPE,no hit,-0.251,0.404,2
MYO1C,BF-NAPE,no hit,-0.252,0.292,3
PPA2,BF-NAPE,no hit,-0.253,0.238,2
ANP32A,BF-NAPE,no hit,-0.257,0.26,3
ACTB; actg1; Actg1; ACTG1; Actg1_0; LOC100409006; LOC106548496; LOC111160249; LOC113225257,BF-NAPE,no hit,-0.257,0.692,1
LOC100410631; LOC101324847; LOC101350612; LOC102744677; LOC102976099; LOC103012082; LOC103663389; LOC106990434; LOC109264103; LOC111147561; LOC111165885; LOC112409079; LOC112818500; LOC116536754; LOC706087; Rps12; RPS12,BF-NAPE,no hit,-0.257,0.691,1
LMNB2,BF-NAPE,no hit,-0.259,0.668,2
SMARCA5,BF-NAPE,no hit,-0.261,0.417,3
ETFA,BF-NAPE,no hit,-0.262,0.111,3
SFN,BF-NAPE,no hit,-0.262,0.884,1
LOC101342486; LOC111145137; Smc3; SMC3,BF-NAPE,no hit,-0.265,0.745,1
LOC111159085; RUVBL1,BF-NAPE,no hit,-0.265,0.2,1
COLGALT1,BF-NAPE,no hit,-0.267,0.658,2
DLST,BF-NAPE,no hit,-0.267,0.305,3
GANAB; HEL-S-164nA,BF-NAPE,no hit,-0.267,0.64,1
UQCRFS1,BF-NAPE,no hit,-0.269,0.0434,2
LOC111155454; RAB2; Rab2a; RAB2A,BF-NAPE,no hit,-0.269,0.703,1
Actr3; ACTR3; LOC101343767; LOC103069126; LOC104998468; LOC111142734,BF-NAPE,no hit,-0.271,0.615,1
ARHGAP1,BF-NAPE,no hit,-0.28,0.441,3
ADH5,BF-NAPE,no hit,-0.28,0.275,2
AHRR; PDCD6; PDCD6-AHRR,BF-NAPE,no hit,-0.282,0.561,1
THRAP3,BF-NAPE,no hit,-0.283,0.752,1
ISG15,BF-NAPE,no hit,-0.286,0.404,2
GSS,BF-NAPE,no hit,-0.288,0.433,1
LOC111155749; LOC112620866; U2AF1,BF-NAPE,no hit,-0.291,0.499,2
C17orf98; C9H17orf98; LOC101350060; LOC101879563; LOC107695064; LOC111151337; LOC114116858; LOC114431296; rpl23; Rpl23; RPL23; Rpl23_0; rplN,BF-NAPE,no hit,-0.291,0.518,1
MAP1B,BF-NAPE,no hit,-0.292,0.3,3
GLRX3,BF-NAPE,no hit,-0.292,0.282,3
MT-CO2,BF-NAPE,no hit,-0.293,0.513,1
NNT,BF-NAPE,no hit,-0.295,0.15,3
arf-1; arf1; Arf1; ARF1; LOC101345655; LOC101870110; LOC111139405; LOC113450412; LOC117799365; LOC118357325,BF-NAPE,no hit,-0.295,0.499,1
Stxbp1; STXBP1,BF-NAPE,no hit,-0.3,0.0783,2
ARF6,BF-NAPE,no hit,-0.301,0.358,1
AKR1C3,BF-NAPE,no hit,-0.301,0.167,3
WDR12,BF-NAPE,no hit,-0.302,0.679,2
ABCE1,BF-NAPE,no hit,-0.304,0.256,3
DHFR,BF-NAPE,no hit,-0.304,0.309,3
PSMB7,BF-NAPE,no hit,-0.305,0.495,3
TRA2A,BF-NAPE,no hit,-0.306,0.489,1
RTRAF,BF-NAPE,no hit,-0.308,0.393,2
CNP,BF-NAPE,no hit,-0.311,0.228,2
LAS1L,BF-NAPE,no hit,-0.312,0.553,1
OTUB1,BF-NAPE,no hit,-0.316,0.148,2
HNRNPH2; LOC703365,BF-NAPE,no hit,-0.318,0.616,1
GGCT,BF-NAPE,no hit,-0.318,0.485,2
ABCF2,BF-NAPE,no hit,-0.32,0.132,1
PPT1,BF-NAPE,no hit,-0.322,0.361,1
FABP5,BF-NAPE,no hit,-0.324,0.192,3
LOC111156567; LOC111546440; LOC112608240; rps6; Rps6; RPS6,BF-NAPE,no hit,-0.325,0.367,1
PRKAR1A,BF-NAPE,no hit,-0.325,0.56,1
PC,BF-NAPE,no hit,-0.327,0.549,2
STK25,BF-NAPE,no hit,-0.328,0.528,1
RHOA,BF-NAPE,no hit,-0.328,0.192,3
LOC111159418; PARVA,BF-NAPE,no hit,-0.331,0.125,3
LOC111162058; RBM8; Rbm8a; RBM8A,BF-NAPE,no hit,-0.331,0.528,1
LTA4H,BF-NAPE,no hit,-0.335,0.293,3
PFDN5,BF-NAPE,no hit,-0.339,0.474,1
CLIC4,BF-NAPE,no hit,-0.34,0.663,1
MCAM,BF-NAPE,no hit,-0.344,0.196,1
ACOT7,BF-NAPE,no hit,-0.345,0.504,1
PSMB5,BF-NAPE,no hit,-0.346,0.246,3
ANXA7,BF-NAPE,no hit,-0.352,0.00433,1
HSD17B4,BF-NAPE,no hit,-0.352,0.268,1
CHD4,BF-NAPE,no hit,-0.359,0.484,2
CHORDC1,BF-NAPE,no hit,-0.363,0.502,2
SMC1A,BF-NAPE,no hit,-0.364,0.432,2
AKR1C2,BF-NAPE,no hit,-0.365,0.103,3
ACO2,BF-NAPE,no hit,-0.368,0.247,3
STAT3,BF-NAPE,no hit,-0.368,0.352,2
LGALS1,BF-NAPE,no hit,-0.369,0.234,3
LOC101385100; LOC106558887; LOC106699198; LOC111539843; LOC112652766; LOC112837399; LOC112935166; LOC113184657; LOC116527237; LOC118357100; LOC718737; rpl23a; Rpl23a; RPL23A,BF-NAPE,no hit,-0.374,0.203,1
TIMM50,BF-NAPE,no hit,-0.379,0.459,2
H31_4; H3110; H315; H3c1; H3C1; H3c10; H3C10; H3c11; H3C11; H3C12; H3C2; H3C3; H3C4; H3C6; H3C7; H3c8; H3C8; HIST1H3E; LOC100761562; LOC101324316; LOC101349047; LOC101372593; LOC101827561; LOC102026529; LOC102508616; LOC102737083; LOC102839401; LOC102925535; LOC103014184; LOC103081931; LOC103123893; LOC103204632; LOC103274804; LOC103665060; LOC103728672; LOC103792196; LOC104991092; LOC105296402; LOC105858697; LOC106988055; LOC107149316; LOC109252583; LOC109375742; LOC109576630; LOC110132970; LOC110261664; LOC110308655; LOC110586608; LOC111138531; LOC111168515; LOC111541140; LOC111724948; LOC112133749; LOC112412577; LOC112623632; LOC112818031; LOC112853466; LOC112910306; LOC113264299; LOC113881951; LOC113926866; LOC114109686; LOC114484270; LOC114907303; LOC115514796; LOC115832466; LOC115945174; LOC115945193; LOC116546262; LOC116762401; LOC117802192; LOC488263,BF-NAPE,no hit,-0.383,0.435,1
AKR1A1,BF-NAPE,no hit,-0.384,0.317,1
CAPZA2,BF-NAPE,no hit,-0.385,0.093,2
TAGLN,BF-NAPE,no hit,-0.399,0.076,3
HEBP1,BF-NAPE,no hit,-0.4,0.356,2
LOC101348686; Rab11b; RAB11B; RAB25,BF-NAPE,no hit,-0.4,0.0293,1
RALY,BF-NAPE,no hit,-0.405,0.344,1
RPS27,BF-NAPE,no hit,-0.407,0.279,1
PPP1R12A,BF-NAPE,no hit,-0.408,0.556,1
UTP14A,BF-NAPE,no hit,-0.408,0.344,1
CLU,BF-NAPE,no hit,-0.408,0.149,3
NANS,BF-NAPE,no hit,-0.42,0.107,1
LOC101355212; LOC111149970; Rab1b; RAB1B,BF-NAPE,no hit,-0.421,0.373,1
KPNA4,BF-NAPE,no hit,-0.422,0.525,1
DHX36,BF-NAPE,no hit,-0.427,0.092,1
TOP1,BF-NAPE,no hit,-0.443,0.281,1
NOP58,BF-NAPE,no hit,-0.445,0.241,3
SURF4,BF-NAPE,no hit,-0.448,0.0499,3
PDLIM5,BF-NAPE,no hit,-0.451,0.149,3
KRT17,BF-NAPE,no hit,-0.454,0.107,3
CTSA,BF-NAPE,no hit,-0.455,0.222,2
ACSL3,BF-NAPE,no hit,-0.455,0.0251,3
HDGF,BF-NAPE,no hit,-0.456,0.0106,1
HSU53209; Tra2a; TRA2A,BF-NAPE,no hit,-0.46,0.327,1
LMAN2,BF-NAPE,no hit,-0.46,0.0562,1
UGGT1,BF-NAPE,no hit,-0.462,0.322,1
ADSL,BF-NAPE,no hit,-0.463,0.0266,2
ATP5F1C,BF-NAPE,no hit,-0.467,0.028,3
ANP32E,BF-NAPE,no hit,-0.469,0.00805,1
ATP6V1E1,BF-NAPE,no hit,-0.479,0.204,2
WDR3,BF-NAPE,no hit,-0.483,0.265,1
UQCRC2,BF-NAPE,no hit,-0.49,0.333,3
CSDE1,BF-NAPE,no hit,-0.506,0.0231,2
DSP,BF-NAPE,no hit,-0.507,4.11e-4,1
PRMT5,BF-NAPE,no hit,-0.518,0.376,2
H1-2,BF-NAPE,no hit,-0.518,0.197,3
PSMD4,BF-NAPE,no hit,-0.52,0.336,2
AK3,BF-NAPE,no hit,-0.522,0.193,1
SARNP,BF-NAPE,no hit,-0.548,0.288,1
PGRMC1,BF-NAPE,no hit,-0.55,0.497,2
KDELR2,BF-NAPE,no hit,-0.552,0.115,1
SRSF7,BF-NAPE,no hit,-0.556,0.401,2
PUS7,BF-NAPE,no hit,-0.559,0.172,1
PRMT1,BF-NAPE,no hit,-0.573,0.448,3
HNRNPUL2,BF-NAPE,no hit,-0.573,0.195,3
HMOX1,BF-NAPE,no hit,-0.579,0.0682,2
ATP6V1H,BF-NAPE,no hit,-0.583,0.283,1
SNX12,BF-NAPE,no hit,-0.588,0.0865,1
GSTK1,BF-NAPE,no hit,-0.606,0.0875,1
FARSB,BF-NAPE,no hit,-0.626,0.00713,2
PSMA1,BF-NAPE,no hit,-0.628,0.0339,3
NAPA,BF-NAPE,no hit,-0.641,0.00628,2
RNPEP,BF-NAPE,no hit,-0.644,0.116,1
RPL32,BF-NAPE,no hit,-0.654,0.00359,2
APRT,BF-NAPE,no hit,-0.681,0.274,2
VPS26A,BF-NAPE,no hit,-0.682,0.104,2
SEC61A1,BF-NAPE,no hit,-0.688,0.0677,1
UMPS,BF-NAPE,no hit,-0.688,0.158,1
NASP,BF-NAPE,no hit,-0.707,1.02e-5,1
NUP62,BF-NAPE,no hit,-0.746,0.108,1
GOLPH3,BF-NAPE,no hit,-0.748,0.016,3
UBE2L5,BF-NAPE,no hit,-0.75,4.24e-6,1
PGP,BF-NAPE,no hit,-0.751,0.148,2
NIT2,BF-NAPE,no hit,-0.763,0.0851,1
ESD,BF-NAPE,no hit,-0.798,0.471,2
RER1,BF-NAPE,no hit,-0.807,0.0282,1
NAA10,BF-NAPE,no hit,-0.822,0.0702,1
KRT78,BF-NAPE,no hit,-0.829,0.106,2
NXN,BF-NAPE,no hit,-0.83,0.067,1
VDAC3,BF-NAPE,no hit,-0.843,0.00352,2
RBM8A,BF-NAPE,no hit,-0.847,0.00846,1
DDX6,BF-NAPE,no hit,-0.866,0.0228,1
KRT13,BF-NAPE,no hit,-0.866,2.6e-4,1
TIGAR,BF-NAPE,no hit,-1.06,0.0093,1
RFC5,BF-NAPE,no hit,-1.07,1.01e-4,1
FANCI,BF-NAPE,no hit,-1.14,0.00231,1
GGH,BF-NAPE,no hit,-1.21,2.18e-4,1
IDH2,BF-NAPE,no hit,-1.32,2.2e-4,1
KRT4,BF-NAPE,no hit,-1.37,6.66e-15,1
EDF1,BF-NAPE,no hit,-1.42,1.34e-4,1
IKBIP,BF-NAPE,no hit,-1.49,2.99e-4,1
INF2,BF-NAPE,no hit,-1.49,2.52e-4,1
TOP2B,BF-NAPE,no hit,-1.81,1e-13,3
KRT14,BF-NAPE,no hit,-2.35,0.293,3
NACA2,BF-NAPE,no hit,-2.6,1e-17,1
KRT6B,BF-NAPE,no hit,-2.65,1e-17,1
ALDH2,BF-NAPE,no hit,-2.71,1e-17,1
TOP2A,BF-NAPE,no hit,-2.86,1e-17,3
KRT6A,BF-NAPE,no hit,-3.02,0.326,2
KRT5,BF-NAPE,no hit,-3.33,1e-17,3
CD109,BF-NAPE,no hit,-3.36,1e-17,1
KRT16,BF-NAPE,no hit,-3.42,1e-17,2
VASP,BF-NAPE,no hit,-3.64,1e-17,1
KRT10,BF-NAPE,no hit,-4.63,1e-17,3
KRT9,BF-NAPE,no hit,-4.83,1e-17,3
KRT2,BF-NAPE,no hit,-4.95,1e-17,3
KRT1,BF-NAPE,no hit,-5,1e-17,3
ALB,BF-NAPE,no hit,-5.09,1e-17,3
KRT77,BF-NAPE,no hit,-5.19,1e-17,3
