"","...1","gene_name","LipidProbe","logFC","pvalue","hit_annotation"
"1",2,"MAP4","PE",-2.1282363,8e-07,"no hit"
"2",4,"SEC24C","PE",-1.5440426,5.6e-06,"no hit"
"3",6,"STRAP","PE",-1.8955412,1.9e-06,"no hit"
"4",8,"PCBP1","PE",-1.8692164,8.9e-06,"no hit"
"5",10,"MET","PE",0.9244389,0.0002044,"enriched candidate"
"6",12,"TPT1","PE",-1.9563568,7.05e-05,"no hit"
"7",14,"EGFR","PE",1.4807718,6.62e-05,"enriched hit"
"8",16,"ATXN10","PE",-1.4974015,5.09e-05,"no hit"
"9",18,"RAB13","PE",1.4399773,0.0002155,"enriched hit"
"10",20,"MAPRE1","PE",-1.9126243,5.87e-05,"no hit"
"11",22,"FAM114A1","PE",-1.6007909,5.8e-05,"no hit"
"12",24,"SLC30A1","PE",1.1022616,0.0005614,"enriched hit"
"13",26,"LANCL1","PE",0.7065839,0.0064983,"enriched candidate"
"14",28,"L1CAM","PE",1.3140481,0.000702,"enriched hit"
"15",30,"EEF1G","PE",-2.0576506,7.76e-05,"no hit"
"16",32,"USO1","PE",-0.6719631,0.0044181,"no hit"
"17",34,"PDCD6","PE",-2.1370521,9.02e-05,"no hit"
"18",36,"VPS29","PE",-0.7172935,0.0064704,"no hit"
"19",38,"SEC13","PE",-1.6202865,5.88e-05,"no hit"
"20",40,"EIF4E","PE",-1.1200372,4.66e-05,"no hit"
"21",42,"PCBP2","PE",-1.6614153,3.31e-05,"no hit"
"22",44,"EIF2B1","PE",-1.0045364,0.0003131,"no hit"
"23",46,"SPCS2","PE",1.1264986,0.0006998,"enriched hit"
"24",48,"SEC11A","PE",0.7949083,0.0018796,"enriched candidate"
"25",50,"NAA50","PE",-1.2449251,0.0003832,"no hit"
"26",52,"GNAI1","PE",0.9991076,0.0013233,"enriched candidate"
"27",54,"TMEM214","PE",1.4725462,0.0008135,"enriched hit"
"28",56,"COPE","PE",-1.0079993,2.64e-05,"no hit"
"29",58,"EPHB4","PE",0.9153067,0.0004426,"enriched candidate"
"30",60,"ATXN2L","PE",-1.7866263,2.52e-05,"no hit"
"31",62,"GNAI2","PE",0.8476414,0.0034789,"enriched candidate"
"32",64,"SLC9A3R1","PE",1.4100435,0.0004743,"enriched hit"
"33",66,"BZW1","PE",-1.3766574,0.000759,"no hit"
"34",68,"ABCC1","PE",0.7618172,0.0006783,"enriched candidate"
"35",70,"PDCD6IP","PE",-0.8838015,0.0063745,"no hit"
"36",72,"RALA","PE",1.3715065,0.0002427,"enriched hit"
"37",74,"ARF4","PE",-0.7036164,0.0035243,"no hit"
"38",76,"NPM1","PE",0.8472015,0.0025504,"enriched candidate"
"39",78,"RAB23","PE",0.4513435,0.0232187,"no hit"
"40",80,"PARVA","PE",-0.7908037,0.0038259,"no hit"
"41",82,"SEC23A","PE",-1.0629142,0.0012664,"no hit"
"42",84,"SEC31A","PE",-1.6216455,8.82e-05,"no hit"
"43",86,"IGF1R","PE",0.8199912,0.0020457,"enriched candidate"
"44",88,"STOM","PE",1.273757,0.0010394,"enriched hit"
"45",90,"GNA13","PE",1.0586222,0.0010034,"enriched hit"
"46",92,"SYAP1","PE",-1.5291549,0.000304,"no hit"
"47",94,"ATP2B1","PE",1.2540792,0.000425,"enriched hit"
"48",96,"YWHAQ","PE",-1.4219177,0.0004374,"no hit"
"49",98,"ATP2B4","PE",0.8851383,0.0009042,"enriched candidate"
"50",100,"IPO5","PE",-1.3857587,0.0013759,"no hit"
"51",102,"ACO1","PE",-0.9656543,0.002142,"no hit"
"52",104,"TARS","PE",-1.245218,0.0038755,"no hit"
"53",106,"SORD","PE",-1.3600723,0.0131007,"no hit"
"54",108,"AARS","PE",-1.0073615,0.0048995,"no hit"
"55",110,"UBAP2L","PE",-2.1402332,0.0004357,"no hit"
"56",112,"IL1RAP","PE",0.6907412,0.0077324,"enriched candidate"
"57",114,"ARHGDIA","PE",-1.4247269,0.0001345,"no hit"
"58",116,"FAM129B","PE",1.5722074,0.0024871,"enriched hit"
"59",118,"RRAS2","PE",0.7508358,0.0065344,"enriched candidate"
"60",120,"SRI","PE",-1.2497933,0.0029779,"no hit"
"61",122,"ATP1B1","PE",1.2597072,0.0001665,"enriched hit"
"62",124,"PCNA","PE",-1.3561269,0.0016054,"no hit"
"63",126,"PPIA","PE",-1.0379672,0.0028967,"no hit"
"64",128,"CISD2","PE",1.5598348,0.0004798,"enriched hit"
"65",130,"PLIN4","PE",-1.3468834,0.0001483,"no hit"
"66",132,"SERPINB1","PE",-1.1727315,0.0008729,"no hit"
"67",134,"GNB1","PE",0.5853194,0.0139438,"enriched candidate"
"68",136,"IST1","PE",-0.5686618,0.0344595,"no hit"
"69",138,"PDIA3","PE",1.2854647,0.0009913,"enriched hit"
"70",140,"GNAS","PE",0.9233122,0.003095,"enriched candidate"
"71",142,"PGLS","PE",-1.1916845,0.00169,"no hit"
"72",144,"ANXA5","PE",-1.4111686,0.0024635,"no hit"
"73",146,"ANXA7","PE",-1.5553,0.0018104,"no hit"
"74",148,"TSN","PE",-1.0572653,0.0010701,"no hit"
"75",150,"LYPD3","PE",0.7199076,0.0076958,"enriched candidate"
"76",152,"RHOG","PE",0.4997986,0.0118088,"no hit"
"77",154,"TNPO1","PE",-1.0499972,0.0020571,"no hit"
"78",156,"JUP","PE",0.8219394,0.0220077,"enriched candidate"
"79",158,"RAC1","PE",0.9021876,0.0086338,"enriched candidate"
"80",160,"RCN1","PE",1.3019973,3.49e-05,"enriched hit"
"81",162,"PDIA6","PE",0.9202651,0.0009685,"enriched candidate"
"82",164,"EEF1B2","PE",-1.7993297,0.0011948,"no hit"
"83",166,"EIF4G1","PE",-1.7655515,0.0007951,"no hit"
"84",168,"GNB4","PE",0.7026174,0.0146772,"enriched candidate"
"85",170,"HYOU1","PE",1.4954338,0.0004974,"enriched hit"
"86",172,"HSPB1","PE",-1.1778545,0.0007887,"no hit"
"87",174,"NDUFA4","PE",2.1094055,6.9e-05,"enriched hit"
"88",176,"UBE2M","PE",-1.0476949,0.0209101,"no hit"
"89",178,"PRDX6","PE",-1.1227733,0.0094513,"no hit"
"90",180,"SRPRB","PE",1.6576933,0.0017175,"enriched hit"
"91",182,"CD55","PE",0.8532823,0.0027128,"enriched candidate"
"92",184,"GNA11","PE",0.6551633,0.0154319,"enriched candidate"
"93",186,"PHGDH","PE",-0.9620424,0.0054918,"no hit"
"94",188,"EIF4G2","PE",-1.4050036,0.0005427,"no hit"
"95",190,"PGM1","PE",-1.2298332,0.0070886,"no hit"
"96",192,"S100A4","PE",-1.5897264,0.0011082,"no hit"
"97",194,"DPP3","PE",-0.8187028,0.0456998,"no hit"
"98",196,"RABGGTB","PE",-1.3531511,0.0028302,"no hit"
"99",198,"API5","PE",-0.5529997,0.0977886,"no hit"
"100",200,"PPIB","PE",1.2116555,0.0005179,"enriched hit"
"101",202,"CANX","PE",0.9614163,0.0023895,"enriched candidate"
"102",204,"YWHAZ","PE",-1.3062261,0.000597,"no hit"
"103",206,"SFN","PE",-1.3210768,0.0025308,"no hit"
"104",208,"NARS","PE",-1.2664898,0.0038066,"no hit"
"105",210,"IPO7","PE",-1.0718186,0.0100435,"no hit"
"106",212,"CRTAP","PE",1.1324719,0.0007623,"enriched hit"
"107",214,"PRRC1","PE",-0.9514735,0.0059171,"no hit"
"108",216,"GNAQ","PE",0.6472779,0.0182277,"enriched candidate"
"109",218,"TAGLN2","PE",-1.1475567,0.0012577,"no hit"
"110",220,"SRM","PE",-1.0658276,0.006778,"no hit"
"111",222,"LTA4H","PE",-0.8715713,0.0371187,"no hit"
"112",224,"HARS","PE",-1.033696,0.0025679,"no hit"
"113",226,"CAND1","PE",-0.3867741,0.2612188,"no hit"
"114",228,"FDPS","PE",-1.1397483,0.0087567,"no hit"
"115",230,"GSTK1","PE",1.3693811,0.0006165,"enriched hit"
"116",232,"ETFB","PE",1.8921709,0.0001281,"enriched hit"
"117",234,"LY6K","PE",1.2372256,0.0008218,"enriched hit"
"118",236,"NOMO1|NOMO3|NOMO2","PE",1.3588072,0.001173,"enriched hit"
"119",238,"BASP1","PE",2.4353819,0.004132,"enriched hit"
"120",240,"PRKCSH","PE",0.2732514,0.3087731,"no hit"
"121",242,"GANAB","PE",0.9974384,0.0018765,"enriched candidate"
"122",244,"COX4I1","PE",1.3284838,0.0022412,"enriched hit"
"123",246,"EIF4B","PE",-2.0360043,0.0048674,"no hit"
"124",248,"PLS3","PE",0.6701795,0.0199473,"enriched candidate"
"125",250,"HSPA9","PE",1.9695718,0.0004665,"enriched hit"
"126",252,"CD44","PE",0.7995567,0.0119663,"enriched candidate"
"127",254,"SLC25A5","PE",1.9265948,0.0001863,"enriched hit"
"128",256,"LDHA","PE",-1.1451179,0.013886,"no hit"
"129",258,"CYP51A1","PE",1.037972,0.0010615,"enriched hit"
"130",260,"BST2","PE",-0.8496488,0.0013782,"no hit"
"131",262,"SERPINB5","PE",-1.3448798,0.010015,"no hit"
"132",264,"RDH11","PE",1.1454376,0.0076554,"enriched hit"
"133",266,"STEAP4","PE",0.7080156,0.0167519,"enriched candidate"
"134",268,"RAB35","PE",1.3126777,0.0032748,"enriched hit"
"135",270,"NUDT5","PE",-1.1996755,0.0173414,"no hit"
"136",272,"HPD","PE",-1.1001446,0.0031206,"no hit"
"137",274,"FH","PE",1.9067402,0.0002889,"enriched hit"
"138",276,"STX4","PE",1.1191094,0.0248381,"enriched candidate"
"139",278,"PPP2CA","PE",-0.5655153,0.0285701,"no hit"
"140",280,"CMBL","PE",-1.0986435,0.0033027,"no hit"
"141",282,"AXL","PE",0.711685,0.013998,"enriched candidate"
"142",284,"RAB18","PE",-0.6559605,0.0201149,"no hit"
"143",286,"NUTF2","PE",-0.9661471,0.0114805,"no hit"
"144",288,"LDHB","PE",-1.2577723,0.0086771,"no hit"
"145",290,"ABHD14B","PE",-0.8629057,0.0198159,"no hit"
"146",292,"GSTO1","PE",-1.6603257,0.0090753,"no hit"
"147",294,"SCCPDH","PE",1.0578445,0.0029388,"enriched hit"
"148",296,"GDI2","PE",-0.6372051,0.0359314,"no hit"
"149",298,"PNP","PE",-1.0972216,0.0054741,"no hit"
"150",300,"PRSS21","PE",0.9508782,0.0032925,"enriched candidate"
"151",302,"ANP32B","PE",-1.4036057,0.0221968,"no hit"
"152",304,"SLC25A6","PE",1.7670341,0.0016322,"enriched hit"
"153",306,"CPS1","PE",1.6495991,0.0009057,"enriched hit"
"154",308,"ANP32A","PE",-1.0616081,0.0413937,"no hit"
"155",310,"AIFM1","PE",1.7119607,0.0008197,"enriched hit"
"156",312,"TXN","PE",-1.040575,0.0107042,"no hit"
"157",314,"YWHAB","PE",-1.1334477,0.005492,"no hit"
"158",316,"PDHB","PE",1.7764359,0.0007183,"enriched hit"
"159",318,"PTGES","PE",0.5596113,0.0138701,"no hit"
"160",320,"PTPRJ","PE",0.5901194,0.0262311,"enriched candidate"
"161",322,"CLPTM1L","PE",1.5259723,0.0019886,"enriched hit"
"162",324,"SCAMP3","PE",-0.7810753,0.0116302,"no hit"
"163",326,"CLIC4","PE",0.27355,0.1415954,"no hit"
"164",328,"PPP2R1A","PE",-0.7913703,0.0488287,"no hit"
"165",330,"KRAS","PE",0.5669426,0.0833111,"no hit"
"166",332,"ATP5F1","PE",1.2246776,0.0020778,"enriched hit"
"167",334,"CLTA","PE",-1.0333273,0.0085783,"no hit"
"168",336,"ACAT1","PE",1.6812198,0.0011031,"enriched hit"
"169",338,"ATP5C1","PE",1.8541359,0.0012522,"enriched hit"
"170",340,"TRAP1","PE",1.7001014,0.0035008,"enriched hit"
"171",342,"CD46","PE",0.2873589,0.2367035,"no hit"
"172",344,"UBA1","PE",-0.9717312,0.0135212,"no hit"
"173",346,"PSME3","PE",-0.8403125,0.0163339,"no hit"
"174",348,"UQCRC2","PE",1.2745486,0.00607,"enriched hit"
"175",350,"PLIN3","PE",-1.3996025,0.0052927,"no hit"
"176",352,"ADPGK","PE",0.5923353,0.0074157,"enriched candidate"
"177",354,"YBX1","PE",-1.5395923,0.0582983,"no hit"
"178",356,"ICAM1","PE",0.6189284,0.0465526,"enriched candidate"
"179",358,"TUBB4B","PE",-0.6738949,0.0354415,"no hit"
"180",360,"APOL2","PE",0.8687097,0.0178734,"enriched candidate"
"181",362,"SAR1A","PE",-0.5664139,0.0925463,"no hit"
"182",364,"YWHAE","PE",-0.9455276,0.0089787,"no hit"
"183",366,"ACTC1|ACTA1","PE",1.1429917,0.0041133,"enriched hit"
"184",368,"SSR4","PE",0.7930475,0.0059367,"enriched candidate"
"185",370,"GPI","PE",-0.4952956,0.158271,"no hit"
"186",372,"ABCG2","PE",1.3966358,0.0201581,"enriched candidate"
"187",374,"CALM1","PE",0.5945353,0.0915021,"no hit"
"188",376,"IGSF8","PE",0.7600261,0.0496476,"enriched candidate"
"189",378,"PGD","PE",-0.7006273,0.0815206,"no hit"
"190",380,"CD58","PE",0.6673019,0.068949,"enriched candidate"
"191",382,"SERPINB6","PE",-1.0582488,0.0061664,"no hit"
"192",384,"PGAM1","PE",-1.0660334,0.0297145,"no hit"
"193",386,"HSD17B4","PE",1.1843335,0.001297,"enriched hit"
"194",388,"PLXNB2","PE",0.6764503,0.01302,"enriched candidate"
"195",390,"ATP5O","PE",1.6234003,0.0011672,"enriched hit"
"196",392,"GLUD1","PE",1.4708045,0.0109963,"enriched candidate"
"197",394,"SRPRA","PE",0.8844125,0.0329737,"enriched candidate"
"198",396,"CACYBP","PE",-0.9174785,0.0287563,"no hit"
"199",398,"TFG","PE",-1.1206098,0.0402656,"no hit"
"200",400,"BTF3","PE",-1.7200158,0.006574,"no hit"
"201",402,"ZNF598","PE",-0.9992775,0.0111141,"no hit"
"202",404,"S100A6","PE",-1.6077461,0.0142806,"no hit"
"203",406,"S100A11","PE",-2.2091287,0.0020713,"no hit"
"204",408,"TALDO1","PE",-1.6459841,0.0129596,"no hit"
"205",410,"NPEPPS","PE",-0.5433176,0.0645348,"no hit"
"206",412,"GNAI3","PE",0.9391857,0.0244602,"enriched candidate"
"207",414,"FKBP4","PE",-0.3854934,0.2367259,"no hit"
"208",416,"PTGR1","PE",-0.990376,0.0098556,"no hit"
"209",418,"SERBP1","PE",-2.5061499,0.0072845,"no hit"
"210",420,"CSE1L","PE",-0.7954495,0.0607079,"no hit"
"211",422,"MIF","PE",-1.4407526,0.0077227,"no hit"
"212",424,"ECH1","PE",1.5722015,0.0057688,"enriched hit"
"213",426,"B4GALT1","PE",-0.8345779,0.0193717,"no hit"
"214",428,"ANXA1","PE",-0.2255554,0.3627332,"no hit"
"215",430,"CTTN","PE",0.8124718,0.067396,"enriched candidate"
"216",432,"PTGFRN","PE",0.5533771,0.1184281,"no hit"
"217",434,"IQGAP1","PE",1.3611695,0.0501907,"enriched candidate"
"218",436,"TXNDC5","PE",0.8399299,0.0086885,"enriched candidate"
"219",438,"MDH2","PE",1.3314963,0.0039903,"enriched hit"
"220",440,"UQCRC1","PE",1.1517412,0.0026798,"enriched hit"
"221",442,"MYL6","PE",0.5520476,0.0623811,"no hit"
"222",444,"PUF60","PE",-0.420779,0.0718511,"no hit"
"223",446,"RDX","PE",1.1493159,0.0753589,"enriched candidate"
"224",448,"GNG12","PE",0.2823064,0.2445786,"no hit"
"225",450,"ATP5A1","PE",1.6104386,0.0007948,"enriched hit"
"226",452,"RAP1A","PE",0.7579538,0.0075436,"enriched candidate"
"227",454,"AGL","PE",-1.202955,0.0212008,"no hit"
"228",456,"SKP1","PE",-0.8009505,0.0351854,"no hit"
"229",458,"GLOD4","PE",-0.9762664,0.0263486,"no hit"
"230",460,"TXNRD1","PE",-0.6128501,0.0496451,"no hit"
"231",462,"RPN2","PE",1.3097488,0.0028882,"enriched hit"
"232",464,"PPP1CA","PE",0.3873057,0.1165183,"no hit"
"233",466,"HSPH1","PE",-0.4065802,0.1311818,"no hit"
"234",468,"SLC25A24","PE",1.1350588,0.0264327,"enriched candidate"
"235",470,"KPNB1","PE",-0.6399123,0.064389,"no hit"
"236",472,"TM9SF2","PE",-1.0517459,0.0312049,"no hit"
"237",474,"HSPA4","PE",-0.4536348,0.2200571,"no hit"
"238",476,"ITGA6","PE",0.5598786,0.0781872,"no hit"
"239",478,"DHCR7","PE",1.1478017,0.0139149,"enriched candidate"
"240",480,"BPNT1","PE",-0.5567825,0.0603012,"no hit"
"241",482,"YWHAH","PE",-1.1368576,0.0079065,"no hit"
"242",484,"NMT1","PE",-1.7092048,0.0077993,"no hit"
"243",486,"RP2","PE",0.4805714,0.1751859,"no hit"
"244",488,"CIB1","PE",0.076756,0.732177,"no hit"
"245",490,"TRIM28","PE",0.7648885,0.0386461,"enriched candidate"
"246",492,"MSLN","PE",0.415097,0.1781403,"no hit"
"247",494,"NECTIN2","PE",0.2047078,0.4035085,"no hit"
"248",496,"AKR1B1","PE",-0.9349887,0.02546,"no hit"
"249",498,"SLC25A3","PE",1.5530089,0.0015558,"enriched hit"
"250",500,"ADAM10","PE",0.7025148,0.0081764,"enriched candidate"
"251",502,"TPD52L2","PE",-1.0737492,0.008683,"no hit"
"252",504,"GTF2I","PE",1.0808547,0.0131048,"enriched candidate"
"253",506,"PPIF","PE",1.6091492,0.0029664,"enriched hit"
"254",508,"HMOX2","PE",0.5548688,0.0378085,"no hit"
"255",510,"GOLT1B","PE",-0.5745379,0.0514464,"no hit"
"256",512,"PARK7","PE",-0.8083441,0.0510112,"no hit"
"257",514,"ACO2","PE",1.0844205,0.0058022,"enriched hit"
"258",516,"YWHAG","PE",-0.8470333,0.002427,"no hit"
"259",518,"ETFA","PE",1.173119,0.0094913,"enriched candidate"
"260",520,"WDR1","PE",1.1555536,0.0626577,"enriched candidate"
"261",522,"SHMT2","PE",1.8917486,0.0042664,"enriched hit"
"262",524,"GNG5","PE",0.3309812,0.252744,"no hit"
"263",526,"AP1B1","PE",-0.8364574,0.0031716,"no hit"
"264",528,"RAB31","PE",0.6653932,0.0157856,"enriched candidate"
"265",530,"RBBP4","PE",0.2505057,0.3913247,"no hit"
"266",532,"ATP1A1","PE",0.8566751,0.0103066,"enriched candidate"
"267",534,"SDHA","PE",1.6885254,0.002367,"enriched hit"
"268",536,"POR","PE",1.2822349,0.0020604,"enriched hit"
"269",538,"EIF5A","PE",-1.6858074,0.0318463,"no hit"
"270",540,"LIFR","PE",0.4255133,0.1016881,"no hit"
"271",542,"MME","PE",-0.9887385,0.0012362,"no hit"
"272",544,"ITGA5","PE",0.6910638,0.0766832,"enriched candidate"
"273",546,"SFXN1","PE",1.3278179,0.0085487,"enriched hit"
"274",548,"PPA1","PE",-1.0180095,0.0488178,"no hit"
"275",550,"RAP2C","PE",0.4555885,0.0479289,"no hit"
"276",552,"GLO1","PE",-1.2287457,0.0266674,"no hit"
"277",554,"PA2G4","PE",-1.358083,0.0257705,"no hit"
"278",556,"DSG2","PE",0.5182017,0.0767096,"no hit"
"279",558,"LAMC1","PE",0.2155576,0.4493452,"no hit"
"280",560,"GSTM3","PE",-0.4917216,0.2127673,"no hit"
"281",562,"GOT2","PE",1.514231,0.0040398,"enriched hit"
"282",564,"SLC43A3","PE",0.0663466,0.8267207,"no hit"
"283",566,"OXCT1","PE",1.3439306,0.0014839,"enriched hit"
"284",568,"CS","PE",2.2800407,0.0079509,"enriched hit"
"285",570,"PRDX1","PE",-1.0643709,0.0370733,"no hit"
"286",572,"USP14","PE",-0.7050309,0.0468237,"no hit"
"287",574,"RMDN1","PE",1.2567316,0.0049203,"enriched hit"
"288",576,"PGK1","PE",-0.8622865,0.0470823,"no hit"
"289",578,"BUB3","PE",-0.3829254,0.1205178,"no hit"
"290",580,"HSP90B1","PE",1.3699159,0.0111871,"enriched candidate"
"291",582,"UBXN4","PE",0.6651792,0.0323534,"enriched candidate"
"292",584,"CAPZA1","PE",-0.3641191,0.2573339,"no hit"
"293",586,"ACSL3","PE",1.4123138,0.0329646,"enriched candidate"
"294",588,"SLC44A2","PE",0.7306552,0.1217162,"no hit"
"295",590,"PEBP1","PE",-1.3508123,0.0317146,"no hit"
"296",592,"TRMT10C","PE",1.3265029,0.0072551,"enriched hit"
"297",594,"NEGR1","PE",0.2330619,0.3084358,"no hit"
"298",596,"MLEC","PE",0.9309872,0.0087084,"enriched candidate"
"299",598,"QARS","PE",0.2932767,0.2099295,"no hit"
"300",600,"ENO1","PE",-0.5858189,0.1361995,"no hit"
"301",602,"GDA","PE",-0.6086386,0.1184982,"no hit"
"302",604,"RPS28","PE",-0.9282649,0.0181941,"no hit"
"303",606,"ARFGAP1","PE",-0.9075345,0.01144,"no hit"
"304",608,"ECI1","PE",1.149963,0.0238445,"enriched candidate"
"305",610,"DAG1","PE",0.4841418,0.2015386,"no hit"
"306",612,"F11R","PE",0.5786599,0.1531764,"no hit"
"307",614,"TUFM","PE",1.7057189,0.0211509,"enriched candidate"
"308",616,"HSPA1B|HSPA1A","PE",-0.1209898,0.6391645,"no hit"
"309",618,"MAT2A","PE",-0.728659,0.0681141,"no hit"
"310",620,"SLC1A5","PE",0.179562,0.4594581,"no hit"
"311",622,"ALDH3A2","PE",1.1699565,0.0132371,"enriched candidate"
"312",624,"PRDX3","PE",1.5097689,0.0376813,"enriched candidate"
"313",626,"CLINT1","PE",-1.6696676,0.0173164,"no hit"
"314",628,"CAPN2","PE",-0.3366213,0.2381256,"no hit"
"315",630,"CD59","PE",0.5149523,0.1265537,"no hit"
"316",632,"ATL2","PE",0.7326634,0.0354658,"enriched candidate"
"317",634,"EIF3M","PE",-0.7569095,0.0475652,"no hit"
"318",636,"MYDGF","PE",0.4473981,0.2588817,"no hit"
"319",638,"CAPRIN1","PE",-1.8752007,0.0118013,"no hit"
"320",640,"DLD","PE",1.4164378,0.0247059,"enriched candidate"
"321",642,"RAN","PE",-0.1126817,0.6355767,"no hit"
"322",644,"GIGYF2","PE",-1.3041414,0.0217537,"no hit"
"323",646,"DSP","PE",-0.8915726,0.0503811,"no hit"
"324",648,"LSS","PE",0.4395606,0.0630021,"no hit"
"325",650,"CDH10","PE",0.4905615,0.1420662,"no hit"
"326",652,"SLC38A5","PE",0.3688671,0.3091078,"no hit"
"327",654,"USP10","PE",-1.2279646,0.0159862,"no hit"
"328",656,"MCAM","PE",0.8024138,0.0946603,"no hit"
"329",658,"MSN","PE",1.3495103,0.1558913,"no hit"
"330",660,"TLN1","PE",0.5474012,0.0887615,"no hit"
"331",662,"ALG5","PE",1.0268735,0.0241057,"enriched candidate"
"332",664,"SUPT16H","PE",0.2253326,0.3171152,"no hit"
"333",666,"CCT8","PE",0.1856713,0.5633561,"no hit"
"334",668,"MMP15","PE",0.2804082,0.2807919,"no hit"
"335",670,"ADAM9","PE",0.5977875,0.0528125,"enriched candidate"
"336",672,"TAPBP","PE",1.0205991,0.0063619,"enriched hit"
"337",674,"BZW2","PE",-0.3594154,0.3150239,"no hit"
"338",676,"DDOST","PE",0.8253849,0.0351435,"enriched candidate"
"339",678,"EPB41L2","PE",0.9189382,0.1361664,"no hit"
"340",680,"SUCLG2","PE",1.2854421,0.0245393,"enriched candidate"
"341",682,"LRPPRC","PE",1.4431776,0.0162604,"enriched candidate"
"342",684,"G3BP2","PE",-1.7375196,0.0447151,"no hit"
"343",686,"RPN1","PE",1.2928639,0.0335417,"enriched candidate"
"344",688,"RAB8A","PE",0.3123164,0.1861486,"no hit"
"345",690,"C17orf75","PE",-0.4159497,0.1015336,"no hit"
"346",692,"HNRNPA2B1","PE",-0.4120945,0.2188629,"no hit"
"347",694,"CAPZB","PE",-0.2896496,0.3155881,"no hit"
"348",696,"HSD17B10","PE",0.9512938,0.0297473,"enriched candidate"
"349",698,"FLOT2","PE",0.7804755,0.0992654,"no hit"
"350",700,"VDAC2","PE",0.7611357,0.0897448,"no hit"
"351",702,"SLIRP","PE",1.490946,0.0085609,"enriched hit"
"352",704,"ANXA3","PE",-0.833847,0.0447137,"no hit"
"353",706,"STT3A","PE",1.0951797,0.0080497,"enriched hit"
"354",708,"COX5A","PE",1.0359832,0.027985,"enriched candidate"
"355",710,"CD320","PE",0.5271437,0.0218707,"no hit"
"356",712,"EIF4A1","PE",-1.492122,0.0422135,"no hit"
"357",714,"HSPA5","PE",1.0473646,0.044453,"enriched candidate"
"358",716,"ARL15","PE",0.4453741,0.1151489,"no hit"
"359",718,"FAM234A","PE",0.1647107,0.604106,"no hit"
"360",720,"SGTA","PE",-1.094996,0.0233942,"no hit"
"361",722,"ACTR3","PE",0.7582484,0.1181581,"no hit"
"362",724,"GPX8","PE",0.8794929,0.097955,"no hit"
"363",726,"NSDHL","PE",0.9967437,0.0211687,"enriched candidate"
"364",728,"SAE1","PE",-0.9734499,0.0420202,"no hit"
"365",730,"TPI1","PE",-1.3146029,0.0324097,"no hit"
"366",732,"GNB2","PE",1.1148611,0.0798367,"no hit"
"367",734,"PHB","PE",1.5166908,0.0315096,"enriched candidate"
"368",736,"ALDOC","PE",-0.3477376,0.2629377,"no hit"
"369",738,"DNPH1","PE",-0.8279897,0.0330101,"no hit"
"370",740,"BSG","PE",0.5553078,0.2827719,"no hit"
"371",742,"NUDT21","PE",0.4548815,0.0391836,"no hit"
"372",744,"CNOT1","PE",-1.1739267,0.0829808,"no hit"
"373",746,"EZR","PE",0.9549854,0.2428373,"no hit"
"374",748,"RPS12","PE",-0.8568059,0.021143,"no hit"
"375",750,"ERP29","PE",1.0042259,0.0859217,"no hit"
"376",752,"RHOA","PE",0.1425033,0.5409533,"no hit"
"377",754,"FLOT1","PE",0.7289149,0.1448243,"no hit"
"378",756,"KDELC2","PE",0.50897,0.1262608,"no hit"
"379",758,"GCN1","PE",-1.3456809,0.0604547,"no hit"
"380",760,"STX6","PE",-0.5070005,0.0466926,"no hit"
"381",762,"GSS","PE",-0.7431179,0.0705628,"no hit"
"382",764,"RPS10","PE",-1.6051252,0.0265737,"no hit"
"383",766,"CPM","PE",0.6217837,0.1388656,"no hit"
"384",768,"NAA15","PE",-1.2229087,0.1184855,"no hit"
"385",770,"SBDS","PE",-0.9443653,0.0514816,"no hit"
"386",772,"DKFZp566H1924|NPTN","PE",0.6960397,0.2086499,"no hit"
"387",774,"CNP","PE",0.9573946,0.2052775,"no hit"
"388",776,"PLOD3","PE",0.7502766,0.128765,"no hit"
"389",778,"SYNGR2","PE",-0.7269089,0.081305,"no hit"
"390",780,"TUBB","PE",-0.768917,0.0802265,"no hit"
"391",782,"HSPD1","PE",1.912191,0.0056146,"enriched hit"
"392",784,"TPP2","PE",0.9129634,0.1146645,"no hit"
"393",786,"PSME2","PE",-0.7246149,0.1284819,"no hit"
"394",788,"TMEM43","PE",0.6961019,0.0082253,"enriched candidate"
"395",790,"FOLR1","PE",0.5161595,0.2926925,"no hit"
"396",792,"MDH1","PE",-0.7207143,0.0593683,"no hit"
"397",794,"PMPCB","PE",1.0407801,0.0340044,"enriched candidate"
"398",796,"COLGALT1","PE",0.9915497,0.0972406,"no hit"
"399",798,"ARPC3","PE",0.3898731,0.141171,"no hit"
"400",800,"ATP5H","PE",1.3281275,0.0266435,"enriched candidate"
"401",802,"LGALS1","PE",0.377091,0.2036356,"no hit"
"402",804,"RTN4RL2","PE",0.1716733,0.585125,"no hit"
"403",806,"CAPZA2","PE",-0.2204797,0.31965,"no hit"
"404",808,"TPM3|DKFZp686J1372","PE",0.7849955,0.090711,"no hit"
"405",810,"FAM120A","PE",-1.000394,0.044513,"no hit"
"406",812,"ATP11C","PE",0.3856727,0.1110997,"no hit"
"407",814,"CNPY3","PE",0.3995845,0.2033025,"no hit"
"408",816,"PSME1","PE",-1.0987392,0.0742297,"no hit"
"409",818,"EIF5B","PE",-1.4702232,0.0435545,"no hit"
"410",820,"DSTN","PE",0.4583294,0.1316024,"no hit"
"411",822,"ATP5B","PE",0.9215067,0.0584757,"enriched candidate"
"412",824,"TXNL1","PE",-0.843984,0.043459,"no hit"
"413",826,"PRDX2","PE",-1.1430588,0.0552915,"no hit"
"414",828,"HSPA13","PE",0.6785729,0.0345871,"enriched candidate"
"415",830,"SERPINH1","PE",1.1811706,0.0972135,"no hit"
"416",832,"AHCY","PE",-0.1397386,0.6032224,"no hit"
"417",834,"WDR61","PE",-0.8538863,0.0390773,"no hit"
"418",836,"DYNC1H1","PE",-1.1785718,0.1095142,"no hit"
"419",838,"PHB2","PE",1.5160953,0.056563,"enriched candidate"
"420",840,"CAT","PE",0.9047239,0.0367822,"enriched candidate"
"421",842,"EIF3K","PE",-0.8200624,0.0053934,"no hit"
"422",844,"PRKAR2A","PE",-0.4239554,0.0383458,"no hit"
"423",846,"RPL38","PE",-1.1037475,0.2805586,"no hit"
"424",848,"ACSL4","PE",0.7330185,0.2862276,"no hit"
"425",850,"NPR3","PE",0.4070312,0.1530885,"no hit"
"426",852,"HLA-C","PE",0.1795401,0.5075474,"no hit"
"427",854,"LARP4","PE",-1.3631832,0.0413741,"no hit"
"428",856,"XPO1","PE",-0.1528032,0.6715277,"no hit"
"429",858,"PRMT1","PE",-0.7798299,0.0186331,"no hit"
"430",860,"ITGA3","PE",0.3885013,0.2765854,"no hit"
"431",862,"RACGAP1","PE",1.0570651,0.2622452,"no hit"
"432",864,"RPLP1","PE",-0.9099714,0.0910683,"no hit"
"433",866,"MYO1B","PE",1.1413346,0.1645073,"no hit"
"434",868,"SLC35B2","PE",-0.2921223,0.3656743,"no hit"
"435",870,"HSPA8","PE",-0.2270991,0.4140493,"no hit"
"436",872,"PSMA2","PE",-0.2878853,0.2871562,"no hit"
"437",874,"AP2A1","PE",0.2973237,0.3748292,"no hit"
"438",876,"TOR1AIP2","PE",0.3163467,0.3207269,"no hit"
"439",878,"ACTN1","PE",1.1353098,0.116355,"no hit"
"440",880,"PGRMC1","PE",0.5333885,0.129705,"no hit"
"441",882,"ACTN4","PE",1.3633746,0.1453544,"no hit"
"442",884,"PABPC4","PE",-1.1678814,0.036456,"no hit"
"443",886,"G3BP1","PE",-1.525069,0.043159,"no hit"
"444",888,"ADRM1","PE",-0.7601194,0.0944389,"no hit"
"445",890,"P4HA1","PE",0.7315302,0.0614149,"enriched candidate"
"446",892,"CMPK1","PE",-0.7324657,0.0659533,"no hit"
"447",894,"HPRT1","PE",-0.5934223,0.2702627,"no hit"
"448",896,"GRB2","PE",-0.6632522,0.1304002,"no hit"
"449",898,"SLC6A9","PE",0.0430949,0.8732198,"no hit"
"450",900,"NASP","PE",-0.8833073,0.043124,"no hit"
"451",902,"ECHS1","PE",1.2456994,0.0336037,"enriched candidate"
"452",904,"FDFT1","PE",0.906592,0.0390194,"enriched candidate"
"453",906,"CRELD1","PE",0.1745879,0.5085792,"no hit"
"454",908,"PTPRF","PE",0.8001789,0.1920595,"no hit"
"455",910,"SLC2A1","PE",0.2777946,0.3451433,"no hit"
"456",912,"EIF4A3","PE",-0.9888043,0.093762,"no hit"
"457",914,"MYO1C","PE",1.3361376,0.1725278,"no hit"
"458",916,"MGST1","PE",0.9786733,0.0832118,"no hit"
"459",918,"TXLNG","PE",-1.411581,0.041856,"no hit"
"460",920,"GORASP2","PE",0.0462007,0.9153207,"no hit"
"461",922,"7-Sep","PE",-1.51991,0.1242262,"no hit"
"462",924,"ASPH","PE",1.2596332,0.0917313,"no hit"
"463",926,"GDPD3","PE",0.3725936,0.2131561,"no hit"
"464",928,"SNTB2","PE",0.7260393,0.1004546,"no hit"
"465",930,"HPCAL1","PE",-0.6338699,0.1814264,"no hit"
"466",932,"CLPTM1","PE",0.6133579,0.0664599,"enriched candidate"
"467",934,"2-Sep","PE",-1.0904602,0.1292285,"no hit"
"468",936,"DNAJB11","PE",0.9897602,0.1752513,"no hit"
"469",938,"TMEM259","PE",0.5374831,0.1468733,"no hit"
"470",940,"CD276","PE",0.2672407,0.2951536,"no hit"
"471",942,"ITGA1","PE",0.7095578,0.2342999,"no hit"
"472",944,"CKAP4","PE",1.3524718,0.1138606,"no hit"
"473",946,"ALDOA","PE",-0.6252609,0.0996045,"no hit"
"474",948,"VASN","PE",0.2133211,0.5015023,"no hit"
"475",950,"TXLNA","PE",-1.3905142,0.037387,"no hit"
"476",952,"LGALS3","PE",0.2921546,0.2572663,"no hit"
"477",954,"ECI2","PE",1.156379,0.0693628,"enriched candidate"
"478",956,"AUP1","PE",0.9183123,0.1487121,"no hit"
"479",958,"KIF23","PE",1.1455282,0.3094339,"no hit"
"480",960,"DDX39B","PE",-0.0884175,0.8083495,"no hit"
"481",962,"ARPC2","PE",0.942093,0.1792502,"no hit"
"482",964,"PSMB4","PE",-0.3543919,0.3153738,"no hit"
"483",966,"FKBP10","PE",0.6133966,0.1132303,"no hit"
"484",968,"MBOAT7","PE",0.9957172,0.0492205,"enriched candidate"
"485",970,"CLPP","PE",0.7479977,0.0698576,"enriched candidate"
"486",972,"LIMA1","PE",0.9203629,0.1512981,"no hit"
"487",974,"PODXL2","PE",0.365509,0.2509176,"no hit"
"488",976,"TKT","PE",-0.4913761,0.1163288,"no hit"
"489",978,"DDX6","PE",-1.1429265,0.1183436,"no hit"
"490",980,"HMGB1","PE",-1.0217888,0.1191183,"no hit"
"491",982,"ATP2A2","PE",0.9832882,0.034379,"enriched candidate"
"492",984,"RSU1","PE",-0.4237555,0.338593,"no hit"
"493",986,"S100A16","PE",-0.8653984,0.0151367,"no hit"
"494",988,"CCDC47","PE",1.2682447,0.1156282,"no hit"
"495",990,"HADHA","PE",0.9638485,0.0214936,"enriched candidate"
"496",992,"MTHFD1","PE",-1.2043627,0.1548941,"no hit"
"497",994,"PSMA7","PE",-0.0195521,0.9301211,"no hit"
"498",996,"ITGB1","PE",0.6285449,0.224289,"no hit"
"499",998,"CAP1","PE",-0.3160625,0.4256011,"no hit"
"500",1000,"ATP6AP2","PE",0.4762395,0.2295416,"no hit"
"501",1002,"NRAS","PE",-0.6062246,0.0556734,"no hit"
"502",1004,"ABCF2","PE",-1.2729247,0.0855027,"no hit"
"503",1006,"SLC22A18","PE",0.6506782,0.1363421,"no hit"
"504",1008,"MYO1E","PE",1.0311746,0.2510173,"no hit"
"505",1010,"PGRMC2","PE",0.4461151,0.3235609,"no hit"
"506",1012,"CD109","PE",0.2843424,0.5255844,"no hit"
"507",1014,"PABPC1","PE",-1.2853266,0.0613787,"no hit"
"508",1016,"COMT","PE",0.5558602,0.0986723,"no hit"
"509",1018,"SACM1L","PE",0.8889034,0.1378444,"no hit"
"510",1020,"GARS","PE",-0.617841,0.2063277,"no hit"
"511",1022,"REEP6","PE",-0.5485894,0.1200405,"no hit"
"512",1024,"CSPG4","PE",0.2071553,0.4818129,"no hit"
"513",1026,"RPL18A","PE",-1.0647002,0.1377294,"no hit"
"514",1028,"WLS","PE",0.6001163,0.0544451,"enriched candidate"
"515",1030,"HNRNPA1","PE",-0.0891362,0.8858464,"no hit"
"516",1032,"CXADR","PE",0.180373,0.5344966,"no hit"
"517",1034,"TMX3","PE",0.4835278,0.164626,"no hit"
"518",1036,"SCAMP1","PE",-0.5459533,0.0759383,"no hit"
"519",1038,"EIF1AY|EIF1AX","PE",-1.1709613,0.1540957,"no hit"
"520",1040,"TAP1","PE",1.0862074,0.0226909,"enriched candidate"
"521",1042,"RBMX","PE",0.0391064,0.9453388,"no hit"
"522",1044,"CLTC","PE",-0.9168297,0.0980671,"no hit"
"523",1046,"TM9SF4","PE",-0.381575,0.2440042,"no hit"
"524",1048,"FXR1","PE",-1.0024651,0.1764772,"no hit"
"525",1050,"ERH","PE",-0.0124216,0.9798265,"no hit"
"526",1052,"ANXA4","PE",-1.0457973,0.0069116,"no hit"
"527",1054,"VAMP3","PE",-0.525288,0.1126949,"no hit"
"528",1056,"LDLR","PE",-0.4455738,0.1933577,"no hit"
"529",1058,"10-Sep","PE",-1.053354,0.1585877,"no hit"
"530",1060,"PODXL","PE",0.4962518,0.2180638,"no hit"
"531",1062,"CFL1","PE",0.6947909,0.0526751,"enriched candidate"
"532",1064,"GEMIN5","PE",-1.1881832,0.1665755,"no hit"
"533",1066,"CNPY2|F8W031","PE",0.6623748,0.246877,"no hit"
"534",1068,"VIM","PE",0.2748573,0.6885019,"no hit"
"535",1070,"RPS25","PE",-1.4913347,0.1311902,"no hit"
"536",1072,"SLC44A1","PE",0.319194,0.5133502,"no hit"
"537",1074,"TM9SF3","PE",-0.2820623,0.4858499,"no hit"
"538",1076,"VDAC1","PE",0.6999095,0.1308736,"no hit"
"539",1078,"METAP2","PE",-1.7239209,0.1200882,"no hit"
"540",1080,"AP2M1","PE",0.4596463,0.4580464,"no hit"
"541",1082,"NCEH1","PE",0.4323896,0.2363231,"no hit"
"542",1084,"GPRC5A","PE",0.7300156,0.1843865,"no hit"
"543",1086,"SCAMP2","PE",-0.7141227,0.0425531,"no hit"
"544",1088,"APMAP","PE",0.4846636,0.2781128,"no hit"
"545",1090,"GPD2","PE",1.3088019,0.0558469,"enriched candidate"
"546",1092,"RPS7","PE",-1.1847248,0.1367301,"no hit"
"547",1094,"PSMB1","PE",-0.1190548,0.7414412,"no hit"
"548",1096,"SLC16A1","PE",0.1246826,0.5865823,"no hit"
"549",1098,"P4HB","PE",0.5141162,0.3063375,"no hit"
"550",1100,"ANXA2","PE",0.0315289,0.8838129,"no hit"
"551",1102,"FARSB","PE",-0.9754518,0.1081376,"no hit"
"552",1104,"RAB27B","PE",0.2493259,0.4934005,"no hit"
"553",1106,"VAPA","PE",0.9139444,0.0655578,"enriched candidate"
"554",1108,"RAB1B","PE",-0.4802344,0.1950401,"no hit"
"555",1110,"9-Sep","PE",-1.1495393,0.229899,"no hit"
"556",1112,"DEGS1","PE",0.5725459,0.0779586,"no hit"
"557",1114,"DLG1","PE",0.4981249,0.0638309,"no hit"
"558",1116,"ZMPSTE24","PE",0.7210685,0.1179194,"no hit"
"559",1118,"RABAC1","PE",-0.4863726,0.2378858,"no hit"
"560",1120,"CSDE1","PE",-1.3081679,0.1288399,"no hit"
"561",1122,"SCD","PE",0.8347019,0.0498486,"enriched candidate"
"562",1124,"SLC5A6","PE",-0.5117102,0.0480789,"no hit"
"563",1126,"HDGF","PE",-0.7799302,0.0447058,"no hit"
"564",1128,"FAU","PE",-1.5092772,0.2107272,"no hit"
"565",1130,"S100A13","PE",-0.9305155,0.0865794,"no hit"
"566",1132,"RPL5","PE",-1.1747547,0.0920863,"no hit"
"567",1134,"PLD3","PE",0.3640653,0.2023372,"no hit"
"568",1136,"TPM4","PE",0.5770425,0.1861186,"no hit"
"569",1138,"RPS14","PE",-1.1634865,0.1159482,"no hit"
"570",1140,"STT3B","PE",1.3664882,0.2861883,"no hit"
"571",1142,"FUBP1","PE",-0.6758808,0.0695858,"no hit"
"572",1144,"SFPQ","PE",-0.0471734,0.9244352,"no hit"
"573",1146,"ESYT1","PE",0.9129691,0.1898051,"no hit"
"574",1148,"M6PR","PE",-0.6549505,0.199845,"no hit"
"575",1150,"FLVCR1","PE",0.0821283,0.7919818,"no hit"
"576",1152,"RUVBL2","PE",-0.7702881,0.1830327,"no hit"
"577",1154,"CORO1C","PE",0.6345545,0.2864592,"no hit"
"578",1156,"RPL14","PE",-1.3067001,0.2080305,"no hit"
"579",1158,"TMEM165","PE",-0.4595446,0.2858887,"no hit"
"580",1160,"NCL","PE",0.7250099,0.0642066,"enriched candidate"
"581",1162,"IKBIP","PE",1.1417357,0.1589767,"no hit"
"582",1164,"EIF2A","PE",-1.0084641,0.1378801,"no hit"
"583",1166,"SEC61B","PE",0.2599649,0.4163027,"no hit"
"584",1168,"PSMA3","PE",-0.5553528,0.1837614,"no hit"
"585",1170,"CYB5R3","PE",0.7990912,0.0887368,"no hit"
"586",1172,"AK2","PE",0.9504375,0.0817618,"no hit"
"587",1174,"RPL24","PE",-1.3019531,0.1786114,"no hit"
"588",1176,"RPL36A|RPL36A-HNRNPH2","PE",-1.3371821,0.1517261,"no hit"
"589",1178,"ARPC4-TTLL3|ARPC4","PE",0.4158419,0.2514127,"no hit"
"590",1180,"DDX3X","PE",-1.0153922,0.1873957,"no hit"
"591",1182,"HLA-A","PE",0.0103419,0.9665554,"no hit"
"592",1184,"TMX2","PE",0.9467155,0.0120021,"enriched candidate"
"593",1186,"STX10","PE",-0.485636,0.1910114,"no hit"
"594",1188,"CALR","PE",0.5172317,0.1406136,"no hit"
"595",1190,"PPP3CA","PE",-0.399238,0.1203675,"no hit"
"596",1192,"EIF3G","PE",-1.2972172,0.1418085,"no hit"
"597",1194,"RPLP0","PE",-1.0651957,0.1407894,"no hit"
"598",1196,"SLC7A2","PE",-0.3995457,0.1903705,"no hit"
"599",1198,"SLC31A1","PE",-0.0560104,0.8542247,"no hit"
"600",1200,"RPS8","PE",-1.1752908,0.2083535,"no hit"
"601",1202,"TMED5","PE",-0.143135,0.7596693,"no hit"
"602",1204,"RPL35","PE",-1.1620853,0.2315781,"no hit"
"603",1206,"SCP2","PE",1.0237617,0.0664381,"enriched candidate"
"604",1208,"E9PAM4|PI4K2A","PE",-0.4878897,0.1555436,"no hit"
"605",1210,"RPL11","PE",-1.1890316,0.1985455,"no hit"
"606",1212,"RPL15","PE",-0.9475853,0.269608,"no hit"
"607",1214,"TSPAN4","PE",0.2973885,0.6597311,"no hit"
"608",1216,"RPS20","PE",-1.3810225,0.1502141,"no hit"
"609",1218,"TECR","PE",0.8234753,0.3136913,"no hit"
"610",1220,"NAPA","PE",-0.3380945,0.2368901,"no hit"
"611",1222,"KDSR","PE",0.4978699,0.202922,"no hit"
"612",1224,"ITGA2","PE",0.2802604,0.605316,"no hit"
"613",1226,"XRCC5","PE",-0.7128302,0.2731589,"no hit"
"614",1228,"SYNCRIP","PE",-0.8579058,0.1902191,"no hit"
"615",1230,"SURF4","PE",-0.2397919,0.4631764,"no hit"
"616",1232,"SYPL1","PE",-0.3614096,0.5440042,"no hit"
"617",1234,"FKBP9","PE",0.3653033,0.3873045,"no hit"
"618",1236,"RPL7","PE",-1.2803383,0.153799,"no hit"
"619",1238,"MICA","PE",0.3609124,0.3421447,"no hit"
"620",1240,"RPL36","PE",-1.168422,0.24222,"no hit"
"621",1242,"RPS3A","PE",-1.0960594,0.1851519,"no hit"
"622",1244,"CYB5B","PE",0.6710972,0.2832957,"no hit"
"623",1246,"RHEB","PE",0.2394298,0.2972043,"no hit"
"624",1248,"SEC61A1","PE",0.6914496,0.0454093,"enriched candidate"
"625",1250,"PDIA4","PE",0.8142042,0.2594935,"no hit"
"626",1252,"P4HA2","PE",0.5944729,0.2078787,"no hit"
"627",1254,"PSMA4","PE",-0.0015543,0.9953458,"no hit"
"628",1256,"UQCRB","PE",1.1612093,0.165125,"no hit"
"629",1258,"RPL23A","PE",-1.0143976,0.2456676,"no hit"
"630",1260,"RPS17","PE",-1.4228098,0.1586376,"no hit"
"631",1262,"RPS3","PE",-1.1823833,0.1802986,"no hit"
"632",1264,"PLEC","PE",0.1088815,0.8654216,"no hit"
"633",1266,"LGALS3BP","PE",0.5519703,0.0677993,"no hit"
"634",1268,"EEF2","PE",-0.9191843,0.2021019,"no hit"
"635",1270,"RAB1A","PE",-0.3929116,0.1693721,"no hit"
"636",1272,"RPS11","PE",-1.2214507,0.1533688,"no hit"
"637",1274,"RPS2","PE",-1.2056922,0.2008708,"no hit"
"638",1276,"TMEM33","PE",0.7626371,0.0238227,"enriched candidate"
"639",1278,"RPL13","PE",-1.1379202,0.2368046,"no hit"
"640",1280,"RPL22","PE",-1.3428734,0.1455192,"no hit"
"641",1282,"CLCC1","PE",0.6428979,0.1006723,"no hit"
"642",1284,"RPS9","PE",-1.3552671,0.1552954,"no hit"
"643",1286,"RPS24","PE",-1.2758859,0.20351,"no hit"
"644",1288,"RPL34","PE",-1.198869,0.2723436,"no hit"
"645",1290,"EIF3F","PE",-0.83563,0.070114,"no hit"
"646",1292,"MATR3","PE",-0.3518068,0.4349733,"no hit"
"647",1294,"NIT2","PE",-0.1309036,0.648931,"no hit"
"648",1296,"S100A10","PE",0.2487605,0.4588628,"no hit"
"649",1298,"HTATIP2","PE",0.4114694,0.4687401,"no hit"
"650",1300,"FAM3C","PE",-0.3495352,0.2411073,"no hit"
"651",1302,"LRRC59","PE",1.7379222,0.1715984,"no hit"
"652",1304,"REEP5","PE",-0.3321109,0.4616551,"no hit"
"653",1306,"RPL28","PE",-1.0767428,0.2287,"no hit"
"654",1308,"RPL7A","PE",-1.0601064,0.2420791,"no hit"
"655",1310,"RPL26","PE",-1.2629444,0.2059466,"no hit"
"656",1312,"RPL29","PE",-1.174668,0.3054071,"no hit"
"657",1314,"IGF2BP3","PE",-0.9819136,0.1928785,"no hit"
"658",1316,"TXNDC12","PE",0.5234791,0.1660708,"no hit"
"659",1318,"AP2B1","PE",0.2643168,0.4188954,"no hit"
"660",1320,"RPS13","PE",-1.2016797,0.1716846,"no hit"
"661",1322,"CDC42","PE",0.0214432,0.9404895,"no hit"
"662",1324,"SLC2A3","PE",0.2428679,0.5956313,"no hit"
"663",1326,"DARS","PE",0.3120175,0.5728485,"no hit"
"664",1328,"MPZL1","PE",0.3173118,0.4945634,"no hit"
"665",1330,"GLG1","PE",-0.1132116,0.7330449,"no hit"
"666",1332,"RPL13A","PE",-1.1281656,0.2424523,"no hit"
"667",1334,"HDLBP","PE",-0.8107209,0.1919928,"no hit"
"668",1336,"RPL19","PE",-1.1177523,0.1776871,"no hit"
"669",1338,"RPL8","PE",-1.3424516,0.2279142,"no hit"
"670",1340,"HM13","PE",0.509327,0.2679455,"no hit"
"671",1342,"CPNE3","PE",-0.3214158,0.2627167,"no hit"
"672",1344,"RPS18","PE",-1.1811845,0.1569838,"no hit"
"673",1346,"VKORC1L1","PE",0.3562727,0.4147544,"no hit"
"674",1348,"RPL10A","PE",-1.0748685,0.2419216,"no hit"
"675",1350,"SCARB1","PE",0.2606525,0.4189073,"no hit"
"676",1352,"SCRIB","PE",0.2165163,0.4533172,"no hit"
"677",1354,"RPL21","PE",-1.0599002,0.2507942,"no hit"
"678",1356,"FLNB","PE",0.6712528,0.1809192,"no hit"
"679",1358,"RPLP2","PE",-1.1430867,0.1048435,"no hit"
"680",1360,"RCC2","PE",-0.9090149,0.2648305,"no hit"
"681",1362,"FLNA","PE",0.8370706,0.3385726,"no hit"
"682",1364,"RPL27","PE",-0.9817767,0.2939087,"no hit"
"683",1366,"ENG","PE",0.2120423,0.4992127,"no hit"
"684",1368,"RANGAP1","PE",0.1640025,0.6205792,"no hit"
"685",1370,"RPL17|RPL17-C18orf32","PE",-0.9930729,0.2761759,"no hit"
"686",1372,"RPS4X","PE",-0.9780111,0.2317113,"no hit"
"687",1374,"SQSTM1","PE",0.5998086,0.3607753,"no hit"
"688",1376,"RPS6","PE",-1.1310338,0.2081219,"no hit"
"689",1378,"CD151","PE",0.1048861,0.8182084,"no hit"
"690",1380,"RPL3","PE",-0.950559,0.2608037,"no hit"
"691",1382,"GAA","PE",-0.0226581,0.9345054,"no hit"
"692",1384,"STX7","PE",-0.3327488,0.2780365,"no hit"
"693",1386,"VAPB","PE",0.4803762,0.1031251,"no hit"
"694",1388,"RPS23","PE",-1.2703006,0.1559076,"no hit"
"695",1390,"TBL2","PE",1.0830149,0.2090324,"no hit"
"696",1392,"PSMB6","PE",-0.5897653,0.2098741,"no hit"
"697",1394,"RPL4","PE",-1.0077362,0.2767951,"no hit"
"698",1396,"ATP6AP1","PE",0.481467,0.3012787,"no hit"
"699",1398,"GOLPH3","PE",-0.2444842,0.4412116,"no hit"
"700",1400,"RPS5","PE",-1.0576074,0.23155,"no hit"
"701",1402,"ACLY","PE",-0.763973,0.3103029,"no hit"
"702",1404,"VAT1","PE",-0.3899011,0.3100714,"no hit"
"703",1406,"DPM3","PE",0.5039774,0.325027,"no hit"
"704",1408,"HNRNPL","PE",-0.1985422,0.7263335,"no hit"
"705",1410,"ARF3|ARF1","PE",-0.2488867,0.3743768,"no hit"
"706",1412,"RPL23","PE",-1.2370109,0.2356275,"no hit"
"707",1414,"RPS16","PE",-1.133948,0.2082472,"no hit"
"708",1416,"RPS27A","PE",-1.1415464,0.2006963,"no hit"
"709",1418,"RPL30","PE",-1.0763097,0.2384601,"no hit"
"710",1420,"RPS19","PE",-1.3013651,0.1259548,"no hit"
"711",1422,"TMED10","PE",-0.4499838,0.2848884,"no hit"
"712",1424,"CYFIP1","PE",0.6194631,0.4501244,"no hit"
"713",1426,"RHOB","PE",0.0250409,0.927847,"no hit"
"714",1428,"RPL6","PE",-1.0933862,0.2281481,"no hit"
"715",1430,"RPL27A","PE",-1.0844665,0.219772,"no hit"
"716",1432,"HNRNPK","PE",-0.6599319,0.1936588,"no hit"
"717",1434,"RPL10","PE",-1.1898856,0.2372063,"no hit"
"718",1436,"EIF2S3","PE",-1.0671759,0.1915754,"no hit"
"719",1438,"CASC4","PE",-0.4943941,0.2084111,"no hit"
"720",1440,"MARS","PE",0.3787247,0.3387717,"no hit"
"721",1442,"RTN3","PE",-0.3808997,0.426264,"no hit"
"722",1444,"TNFRSF10A","PE",-0.1066146,0.6591751,"no hit"
"723",1446,"RPL35A","PE",-1.0699368,0.2867419,"no hit"
"724",1448,"RPS15A","PE",-0.8310171,0.3115354,"no hit"
"725",1450,"RPS26","PE",-1.3299764,0.1930296,"no hit"
"726",1452,"XRCC6","PE",-0.6544365,0.3288321,"no hit"
"727",1454,"RTN4","PE",-0.9253006,0.0715115,"no hit"
"728",1456,"PSMA1","PE",-0.2073236,0.3497639,"no hit"
"729",1458,"PSEN1","PE",0.0490752,0.8768522,"no hit"
"730",1460,"HNRNPC","PE",-0.2451348,0.74095,"no hit"
"731",1462,"ITGAV","PE",0.2204525,0.5879407,"no hit"
"732",1464,"SLC29A1","PE",0.067147,0.8870697,"no hit"
"733",1466,"CLUH","PE",-1.0259678,0.0780417,"no hit"
"734",1468,"LAMTOR2","PE",0.0370592,0.936528,"no hit"
"735",1470,"RPSA","PE",-1.0851253,0.058195,"no hit"
"736",1472,"LPCAT3","PE",0.4758574,0.2467825,"no hit"
"737",1474,"RPL9","PE",-1.1384194,0.2597373,"no hit"
"738",1476,"RAB21","PE",0.3823176,0.111094,"no hit"
"739",1478,"RAB5A","PE",0.4798704,0.1118641,"no hit"
"740",1480,"RPL12","PE",-0.8483631,0.2999692,"no hit"
"741",1482,"FERMT2","PE",0.2277756,0.6783076,"no hit"
"742",1484,"PVR","PE",0.3156166,0.5524322,"no hit"
"743",1486,"BAIAP2L1","PE",0.1782274,0.7474485,"no hit"
"744",1488,"UPF1","PE",-0.873153,0.2918223,"no hit"
"745",1490,"ANTXR1","PE",-0.1052309,0.6681052,"no hit"
"746",1492,"HRAS","PE",-0.0020219,0.995638,"no hit"
"747",1494,"RPL32","PE",-0.8883385,0.3432933,"no hit"
"748",1496,"CCT7","PE",0.4732419,0.5806681,"no hit"
"749",1498,"C14orf166","PE",-0.7046305,0.1506105,"no hit"
"750",1500,"LYPLA1","PE",-0.1602324,0.6382971,"no hit"
"751",1502,"PCYOX1","PE",0.4072001,0.3384499,"no hit"
"752",1504,"RPL37A","PE",-1.0447554,0.3290567,"no hit"
"753",1506,"RAB27A","PE",0.4518342,0.360396,"no hit"
"754",1508,"BCAP31","PE",0.3408285,0.2876308,"no hit"
"755",1510,"TMED7-TICAM2|TICAM2|TMED7","PE",-0.1717446,0.7665532,"no hit"
"756",1512,"ELAVL1","PE",-0.3485923,0.5233957,"no hit"
"757",1514,"DAGLB","PE",-0.1672868,0.6071934,"no hit"
"758",1516,"EIF3A","PE",-1.0504894,0.2752273,"no hit"
"759",1518,"DERL2","PE",0.4816663,0.2076798,"no hit"
"760",1520,"SLC38A2","PE",-0.4364245,0.2752243,"no hit"
"761",1522,"RPL31","PE",-1.0987274,0.2812822,"no hit"
"762",1524,"RPL18","PE",-0.9497302,0.3409919,"no hit"
"763",1526,"SLC35F6","PE",-0.2156407,0.7070423,"no hit"
"764",1528,"EIF2S1","PE",-0.9023143,0.2225104,"no hit"
"765",1530,"VPS35","PE",-0.3605282,0.5421733,"no hit"
"766",1532,"SNAP23","PE",-0.0457802,0.8975413,"no hit"
"767",1534,"CCT2","PE",0.3322103,0.6709352,"no hit"
"768",1536,"ATP6V0A1","PE",0.2310992,0.3068558,"no hit"
"769",1538,"ATL3","PE",0.3934117,0.0735579,"no hit"
"770",1540,"IGF2BP1","PE",-1.0102529,0.1771116,"no hit"
"771",1542,"EIF3D","PE",-0.8500947,0.3232649,"no hit"
"772",1544,"GGH","PE",0.0564856,0.8605734,"no hit"
"773",1546,"ERO1A","PE",0.4630809,0.4239533,"no hit"
"774",1548,"UBL3","PE",0.3035245,0.4382518,"no hit"
"775",1550,"TMED2","PE",-0.3564787,0.4804389,"no hit"
"776",1552,"LMAN2","PE",-0.184572,0.6132973,"no hit"
"777",1554,"DDX1","PE",-0.7219445,0.3207356,"no hit"
"778",1556,"RAB6A","PE",-0.01696,0.9533015,"no hit"
"779",1558,"SIGMAR1","PE",0.4722193,0.3652529,"no hit"
"780",1560,"FUBP3","PE",-0.8228288,0.2591701,"no hit"
"781",1562,"IMPDH2","PE",0.3462835,0.4846863,"no hit"
"782",1564,"HNRNPH1","PE",-0.2258633,0.705339,"no hit"
"783",1566,"RAB2A","PE",-0.1124195,0.7583336,"no hit"
"784",1568,"ILF3","PE",-0.106283,0.8452011,"no hit"
"785",1570,"ERGIC3","PE",-0.3786691,0.3706778,"no hit"
"786",1572,"TSPAN3","PE",-0.3616053,0.3127074,"no hit"
"787",1574,"CTSC","PE",0.0799476,0.791074,"no hit"
"788",1576,"ECE1","PE",0.331679,0.4490837,"no hit"
"789",1578,"RAB10","PE",0.0514575,0.8111795,"no hit"
"790",1580,"SLC1A4","PE",0.2219732,0.5314052,"no hit"
"791",1582,"DAD1","PE",0.6055691,0.3013035,"no hit"
"792",1584,"ERAP1","PE",0.6005637,0.1719888,"no hit"
"793",1586,"ERGIC1","PE",0.0770924,0.7260678,"no hit"
"794",1588,"MVP","PE",-0.2576867,0.6424437,"no hit"
"795",1590,"ITGB5","PE",0.0670563,0.8260941,"no hit"
"796",1592,"FEN1","PE",-0.559013,0.4041246,"no hit"
"797",1594,"ABCE1","PE",-0.571933,0.4836823,"no hit"
"798",1596,"RARS","PE",0.4231013,0.3769824,"no hit"
"799",1598,"EIF3L","PE",-0.865914,0.3011011,"no hit"
"800",1600,"RECQL","PE",-0.8720744,0.236178,"no hit"
"801",1602,"ADAM15","PE",0.4820007,0.140979,"no hit"
"802",1604,"TMED4","PE",-0.1669862,0.6677787,"no hit"
"803",1606,"RACK1","PE",-0.8285872,0.1853885,"no hit"
"804",1608,"HNRNPM","PE",-0.1313169,0.7690945,"no hit"
"805",1610,"VAMP8","PE",-0.201922,0.6113554,"no hit"
"806",1612,"EIF3B","PE",-0.6229093,0.3662121,"no hit"
"807",1614,"MOV10","PE",-0.660373,0.2260206,"no hit"
"808",1616,"ATP6V0D1","PE",0.0733311,0.7702152,"no hit"
"809",1618,"VAMP7","PE",-0.0231325,0.9315266,"no hit"
"810",1620,"TMED1","PE",-0.1182927,0.7766722,"no hit"
"811",1622,"SLC38A7","PE",0.1262036,0.7504144,"no hit"
"812",1624,"NEU1","PE",0.4126054,0.2822999,"no hit"
"813",1626,"LMNA","PE",-0.1354718,0.8445276,"no hit"
"814",1628,"SPTBN1","PE",0.8697761,0.2050876,"no hit"
"815",1630,"CTNNA1","PE",-0.16918,0.7733563,"no hit"
"816",1632,"EIF3H","PE",-0.9723089,0.2391415,"no hit"
"817",1634,"HEXB","PE",-0.126065,0.8030471,"no hit"
"818",1636,"GALNT7","PE",0.0871305,0.7867553,"no hit"
"819",1638,"ATP1B3","PE",0.110101,0.8200051,"no hit"
"820",1640,"ALDH7A1","PE",0.470968,0.3470851,"no hit"
"821",1642,"EIF3C","PE",-0.7628475,0.2574795,"no hit"
"822",1644,"TCP1","PE",0.3813473,0.7065899,"no hit"
"823",1646,"SMC2","PE",-0.8232297,0.1994572,"no hit"
"824",1648,"HNRNPUL1","PE",-0.1817665,0.6864037,"no hit"
"825",1650,"EIF3E","PE",-0.7451165,0.2611863,"no hit"
"826",1652,"CCT5","PE",0.252631,0.8068653,"no hit"
"827",1654,"MYOF","PE",0.1651339,0.7127568,"no hit"
"828",1656,"SLC7A6","PE",-0.0722096,0.8374706,"no hit"
"829",1658,"SLC7A5","PE",-0.1663057,0.6780564,"no hit"
"830",1660,"HNRNPR","PE",-0.1816969,0.6599363,"no hit"
"831",1662,"RAB3D","PE",0.2047058,0.509463,"no hit"
"832",1664,"CSTB","PE",-0.4572256,0.3277294,"no hit"
"833",1666,"DDB1","PE",0.2921831,0.2876371,"no hit"
"834",1668,"TMEM109","PE",0.2585744,0.6184753,"no hit"
"835",1670,"MPDU1|HBEBP2BPA","PE",0.2904126,0.5555073,"no hit"
"836",1672,"PKN2","PE",0.3285979,0.6096717,"no hit"
"837",1674,"VCP","PE",0.5938006,0.3261464,"no hit"
"838",1676,"EPHX1","PE",0.4878827,0.2989744,"no hit"
"839",1678,"POFUT1","PE",0.5126925,0.0720001,"no hit"
"840",1680,"RPS21","PE",-0.9200207,0.0256978,"no hit"
"841",1682,"IGF2R","PE",0.1507547,0.703993,"no hit"
"842",1684,"CCT6A","PE",0.3213645,0.7565114,"no hit"
"843",1686,"ALYREF","PE",0.055784,0.9181977,"no hit"
"844",1688,"LNPEP","PE",-0.1241197,0.7654046,"no hit"
"845",1690,"SEC23IP","PE",-0.8502318,0.2656788,"no hit"
"846",1692,"ABCB6","PE",0.5408159,0.1049927,"no hit"
"847",1694,"SDCBP","PE",0.5806899,0.1592729,"no hit"
"848",1696,"HNRNPD","PE",0.0555533,0.8866181,"no hit"
"849",1698,"TMED9","PE",-0.1722856,0.7396826,"no hit"
"850",1700,"HSP90AB1","PE",-0.0897142,0.8175263,"no hit"
"851",1702,"DDR1","PE",-0.0233097,0.9350488,"no hit"
"852",1704,"RAB14","PE",-0.1611457,0.6067444,"no hit"
"853",1706,"TMEM106B","PE",0.3989278,0.4382704,"no hit"
"854",1708,"CCT4","PE",0.3081591,0.768767,"no hit"
"855",1710,"SCARB2","PE",0.4324196,0.4845055,"no hit"
"856",1712,"CCT3","PE",0.2573196,0.7834786,"no hit"
"857",1714,"FASN","PE",-0.2757642,0.5161753,"no hit"
"858",1716,"SCPEP1","PE",-0.0589112,0.9035318,"no hit"
"859",1718,"PARP1","PE",0.1464677,0.81736,"no hit"
"860",1720,"HADHB","PE",0.3449166,0.4240061,"no hit"
"861",1722,"RTCB","PE",-0.5982079,0.3557466,"no hit"
"862",1724,"NSUN2","PE",-0.6447477,0.2202538,"no hit"
"863",1726,"CTSA","PE",-0.1374767,0.7694417,"no hit"
"864",1728,"NCS1","PE",0.2713215,0.4097841,"no hit"
"865",1730,"ARL6IP5","PE",0.2463498,0.6084416,"no hit"
"866",1732,"GLA","PE",0.3790152,0.4000791,"no hit"
"867",1734,"ALDH9A1","PE",0.2161166,0.5803803,"no hit"
"868",1736,"RAB9A","PE",0.0540906,0.8223089,"no hit"
"869",1738,"SND1","PE",-0.4387089,0.6431635,"no hit"
"870",1740,"RAB7A","PE",0.2065882,0.4822033,"no hit"
"871",1742,"AHNAK","PE",0.0956885,0.7691359,"no hit"
"872",1744,"GYS1","PE",-0.6397497,0.2904905,"no hit"
"873",1746,"TFRC","PE",0.0034287,0.9914545,"no hit"
"874",1748,"NAGLU","PE",-0.0308454,0.918546,"no hit"
"875",1750,"ATP6V1A","PE",-0.0399806,0.865436,"no hit"
"876",1752,"ATP2C1","PE",-0.1061876,0.70962,"no hit"
"877",1754,"DDR2","PE",-0.1574708,0.5336436,"no hit"
"878",1756,"RRBP1","PE",0.0653534,0.9102602,"no hit"
"879",1758,"TMX1","PE",0.0220703,0.9562475,"no hit"
"880",1760,"PROCR","PE",0.3599981,0.3502955,"no hit"
"881",1762,"SLC38A1","PE",-0.3693581,0.4008171,"no hit"
"882",1764,"EIF3I","PE",-0.909898,0.0324603,"no hit"
"883",1766,"PSMB5","PE",-0.1225236,0.6620449,"no hit"
"884",1768,"PSAP","PE",-0.0082476,0.985388,"no hit"
"885",1770,"PTBP1","PE",-0.6011508,0.2957882,"no hit"
"886",1772,"MYH9","PE",0.2804252,0.6545573,"no hit"
"887",1774,"DNAJA1","PE",-0.5552552,0.456788,"no hit"
"888",1776,"EPRS","PE",-0.125285,0.7432274,"no hit"
"889",1778,"BANF1","PE",-0.491748,0.0718836,"no hit"
"890",1780,"PKM","PE",0.1021601,0.8034319,"no hit"
"891",1782,"CD97","PE",-0.0022931,0.9958372,"no hit"
"892",1784,"TPP1","PE",0.120232,0.7600598,"no hit"
"893",1786,"FAM49B","PE",-0.0407488,0.9124582,"no hit"
"894",1788,"CPA4","PE",0.3069382,0.5125877,"no hit"
"895",1790,"AIMP1","PE",0.2273129,0.4652897,"no hit"
"896",1792,"TOMM40","PE",0.3128903,0.6050823,"no hit"
"897",1794,"ATP5L","PE",0.5384218,0.3257173,"no hit"
"898",1796,"YARS","PE",0.0917299,0.8025687,"no hit"
"899",1798,"HEXA","PE",0.0904322,0.8601895,"no hit"
"900",1800,"LRP1","PE",-0.1882392,0.5957946,"no hit"
"901",1802,"PSMA6","PE",-0.1002187,0.7513365,"no hit"
"902",1804,"HFE","PE",-0.1349335,0.6148657,"no hit"
"903",1806,"CSRP1","PE",0.3807524,0.5369149,"no hit"
"904",1808,"ARL8B","PE",-0.1170163,0.7319887,"no hit"
"905",1810,"SRP9","PE",-0.2270302,0.4263129,"no hit"
"906",1812,"PDLIM1","PE",0.3823953,0.1882691,"no hit"
"907",1814,"SLC39A14","PE",-0.1539015,0.6631376,"no hit"
"908",1816,"PDCD4","PE",-0.4801519,0.421892,"no hit"
"909",1818,"PPT1","PE",0.0349463,0.9332663,"no hit"
"910",1820,"CDC2|CDK1","PE",-0.3084831,0.6067294,"no hit"
"911",1822,"CTSD","PE",-0.1605212,0.7294295,"no hit"
"912",1824,"GBA","PE",0.2852768,0.5056893,"no hit"
"913",1826,"NSF","PE",-0.1084306,0.8680612,"no hit"
"914",1828,"SLC7A1","PE",-0.331782,0.3512966,"no hit"
"915",1830,"VLDLR","PE",-0.3844171,0.351565,"no hit"
"916",1832,"PRPF19","PE",0.1949323,0.6263926,"no hit"
"917",1834,"ZDHHC20","PE",-0.1573023,0.5212706,"no hit"
"918",1836,"DHX9","PE",0.228274,0.7099837,"no hit"
"919",1838,"GALNT2","PE",0.0380946,0.9376862,"no hit"
"920",1840,"PPA2","PE",0.2148074,0.5595905,"no hit"
"921",1842,"RAB5C","PE",0.1389822,0.6607945,"no hit"
"922",1844,"KPNA2","PE",0.098318,0.7040141,"no hit"
"923",1846,"SLC16A3","PE",-0.4148181,0.3429709,"no hit"
"924",1848,"ACP2","PE",0.3662572,0.5415403,"no hit"
"925",1850,"HIST1H4A","PE",0.2442689,0.7626573,"no hit"
"926",1852,"YIF1B","PE",-0.2527999,0.5398689,"no hit"
"927",1854,"PRKDC","PE",0.0620125,0.9205066,"no hit"
"928",1856,"KHSRP","PE",-0.2753133,0.1629189,"no hit"
"929",1858,"IARS","PE",0.2864244,0.5974649,"no hit"
"930",1860,"SLC3A2","PE",-0.0473317,0.8918751,"no hit"
"931",1862,"HNRNPU","PE",0.2218324,0.6979303,"no hit"
"932",1864,"ILF2","PE",-0.138628,0.7545349,"no hit"
"933",1866,"SEC22B","PE",-0.0596189,0.8332149,"no hit"
"934",1868,"CLIC1","PE",-0.472471,0.0510675,"no hit"
"935",1870,"CPD","PE",-0.2129421,0.5531499,"no hit"
"936",1872,"DDX5","PE",0.3519765,0.5144844,"no hit"
"937",1874,"NPC1","PE",0.2383349,0.6246705,"no hit"
"938",1876,"GLB1","PE",0.2081011,0.6468527,"no hit"
"939",1878,"SERINC1","PE",0.1605051,0.7467786,"no hit"
"940",1880,"PRSS56","PE",-0.1718653,0.6149892,"no hit"
"941",1882,"COTL1","PE",-0.2204299,0.525592,"no hit"
"942",1884,"SRP14","PE",-0.0499319,0.9404222,"no hit"
"943",1886,"NAPG","PE",-0.3614983,0.1714763,"no hit"
"944",1888,"RAB4A","PE",-0.1636162,0.4914075,"no hit"
"945",1890,"ERP44","PE",-0.0037553,0.9900864,"no hit"
"946",1892,"IL6ST","PE",-0.0802392,0.779483,"no hit"
"947",1894,"LAMP1","PE",0.2776255,0.512425,"no hit"
"948",1896,"EIF3J","PE",-0.5000801,0.3056907,"no hit"
"949",1898,"HSP90AA1","PE",-0.1032756,0.802282,"no hit"
"950",1900,"SRP72","PE",0.0322529,0.9502171,"no hit"
"951",1902,"FSCN1","PE",0.208242,0.6862032,"no hit"
"952",1904,"PRDX4","PE",0.4215892,0.3083293,"no hit"
"953",1906,"STK26","PE",0.0810178,0.6281173,"no hit"
"954",1908,"CD63","PE",0.2716092,0.6691684,"no hit"
"955",1910,"SPTAN1","PE",0.5237709,0.4781006,"no hit"
"956",1912,"LMAN1","PE",-0.0809709,0.9129827,"no hit"
"957",1914,"DDX17","PE",-0.1396869,0.6913271,"no hit"
"958",1916,"GAPDH","PE",-0.0249406,0.968891,"no hit"
"959",1918,"RRAS","PE",0.3152153,0.3586577,"no hit"
"960",1920,"HNRNPF","PE",-0.4538482,0.6018054,"no hit"
"961",1922,NA,"PE",NA,NA,NA
